0;1;2;3;4;5;6;7
"id";"nom";"code";"type";"niveauGravite";"geometry";"date_today";"date_today"
"2";"Secteur Aude amont (hors axe réalimenté)";"76_11_0001";"AEP";"Vigilance";"{"type":"Polygon","coordinates":[[[1.981925,42.877198],[1.981925,42.877198]]]}";"21/05/2024";"21/05/2024"
"5";"CAPNM";"02_972_1";"AEP";"Alerte renforcée";"{"type":"Polygon","coordinates":[[[-61.115862717,14.690629681],[-61.115862717,14.690629681]]]}";"21/05/2024";"21/05/2024"
"6";"CACEM";"02_972_2";"AEP";"Alerte renforcée";"{"type":"Polygon","coordinates":[[[-60.99447456,14.673031788],[-60.99447456,14.673031788]]]}";"21/05/2024";"21/05/2024"
"7";"CAESM";"02_972_3";"AEP";"Alerte renforcée";"{"type":"Polygon","coordinates":[[[-60.983504319,14.486135998],[-60.983504319,14.486135998]]]}";"21/05/2024";"21/05/2024"
"8";"Dombes ? Sud";"84_01_5";"AEP";"Alerte renforcée";"{"type":"MultiPolygon","coordinates":[[[[4.808847087,45.947779057],[4.808847087,45.947779057]]],[[[4.94767275,46.000593059],[4.94767275,46.000593059]]]]}";"21/05/2024";"21/05/2024"
"9";"Secteur Orbieu et affluents rive droite de l?Aude sur ce secteur";"76_11_0007";"AEP";"Alerte renforcée";"{"type":"Polygon","coordinates":[[[2.656594,43.198692],[2.656594,43.198692]]]}";"21/05/2024";"21/05/2024"
"14";"Dombes ? Certines ? Nord";"84_01_4";"AEP";"Alerte";"{"type":"MultiPolygon","coordinates":[[[[4.909524841,46.019168556],[4.909524841,46.019168556]]],[[[4.943288,46.001399],[4.943288,46.001399]]]]}";"21/05/2024";"21/05/2024"
"16";"Secteur Orbiel et affluents rive gauche de l?Aude sur ce secteur";"76_11_0009";"AEP";"Vigilance";"{"type":"Polygon","coordinates":[[[2.367443,43.423232],[2.367443,43.423232]]]}";"21/05/2024";"21/05/2024"
"24";"Secteur Aude amont (hors axe réalimenté)";"76_11_0001";"AEP";"Vigilance";"{"type":"Polygon","coordinates":[[[2.075018,42.778143],[2.075018,42.778143]]]}";"21/05/2024";"21/05/2024"
"28";"Secteur Orbieu et affluents rive droite de l?Aude sur ce secteur";"76_11_0007";"AEP";"Alerte renforcée";"{"type":"Polygon","coordinates":[[[2.641569,43.122044],[2.641569,43.122044]]]}";"21/05/2024";"21/05/2024"
"30";"Secteur Aude amont (hors axe réalimenté)";"76_11_0001";"AEP";"Vigilance";"{"type":"Polygon","coordinates":[[[2.278524,43.060007],[2.278524,43.060007]]]}";"21/05/2024";"21/05/2024"
"32";"Secteur Aude amont (hors axe réalimenté)";"76_11_0001";"AEP";"Vigilance";"{"type":"Polygon","coordinates":[[[2.003696,42.733456],[2.003696,42.733456]]]}";"21/05/2024";"21/05/2024"
"34";"Secteur Argent-Double et affluents rive gauche de l?Aude sur ce secteur";"76_11_0006";"AEP";"Vigilance";"{"type":"Polygon","coordinates":[[[2.504695,43.241579],[2.504695,43.241579]]]}";"21/05/2024";"21/05/2024"
"35";"Bassin versant du Fresquel";"76_11_0013";"AEP";"Vigilance";"{"type":"Polygon","coordinates":[[[2.10471,43.172247],[2.10471,43.172247]]]}";"21/05/2024";"21/05/2024"
"37";"Bassin versant de l'Agly";"76_11_0002";"AEP";"Crise";"{"type":"Polygon","coordinates":[[[2.441958,42.88604],[2.441958,42.88604]]]}";"21/05/2024";"21/05/2024"
"40";"Secteur Orbieu et affluents rive droite de l?Aude sur ce secteur";"76_11_0007";"AEP";"Alerte renforcée";"{"type":"Polygon","coordinates":[[[2.754352,43.037964],[2.754352,43.037964]]]}";"21/05/2024";"21/05/2024"
"41";"Secteur Orbieu et affluents rive droite de l?Aude sur ce secteur";"76_11_0007";"AEP";"Alerte renforcée";"{"type":"Polygon","coordinates":[[[2.598388,43.02674],[2.598388,43.02674]]]}";"21/05/2024";"21/05/2024"
"48";"Bassin versant du Fresquel";"76_11_0013";"AEP";"Vigilance";"{"type":"Polygon","coordinates":[[[2.279881,43.402276],[2.279881,43.402276]]]}";"21/05/2024";"21/05/2024"
"50";"Bassin versant du Fresquel";"76_11_0013";"AEP";"Vigilance";"{"type":"Polygon","coordinates":[[[1.991835,43.174864],[1.991835,43.174864]]]}";"21/05/2024";"21/05/2024"
"53";"Bassin versant du Fresquel";"76_11_0013";"AEP";"Vigilance";"{"type":"Polygon","coordinates":[[[2.22898,43.331341],[2.22898,43.331341]]]}";"21/05/2024";"21/05/2024"
"55";"Secteur Aude amont (hors axe réalimenté)";"76_11_0001";"AEP";"Vigilance";"{"type":"Polygon","coordinates":[[[2.107088,43.071155],[2.107088,43.071155]]]}";"21/05/2024";"21/05/2024"
"59";"Bassin versant du Fresquel";"76_11_0013";"AEP";"Vigilance";"{"type":"Polygon","coordinates":[[[2.187657,43.233809],[2.187657,43.233809]]]}";"21/05/2024";"21/05/2024"
"61";"Secteur Orbieu et affluents rive droite de l?Aude sur ce secteur";"76_11_0007";"AEP";"Alerte renforcée";"{"type":"Polygon","coordinates":[[[2.554096,43.162928],[2.554096,43.162928]]]}";"21/05/2024";"21/05/2024"
"62";"Secteur Orbieu et affluents rive droite de l?Aude sur ce secteur";"76_11_0007";"AEP";"Alerte renforcée";"{"type":"Polygon","coordinates":[[[2.848405,43.199852],[2.848405,43.199852]]]}";"21/05/2024";"21/05/2024"
"63";"Secteur Aude amont (hors axe réalimenté)";"76_11_0001";"AEP";"Vigilance";"{"type":"Polygon","coordinates":[[[2.280309,43.084569],[2.280309,43.084569]]]}";"21/05/2024";"21/05/2024"
"65";"Secteur Aude aval, Berre et Rieu";"76_11_0005";"AEP";"Crise";"{"type":"Polygon","coordinates":[[[2.871601,42.921955],[2.871601,42.921955]]]}";"21/05/2024";"21/05/2024"
"69";"Bassin versant du Fresquel";"76_11_0013";"AEP";"Vigilance";"{"type":"Polygon","coordinates":[[[2.162991,43.297042],[2.162991,43.297042]]]}";"21/05/2024";"21/05/2024"
"70";"Secteur Aude amont (hors axe réalimenté)";"76_11_0001";"AEP";"Vigilance";"{"type":"Polygon","coordinates":[[[2.177493,43.007777],[2.177493,43.007777]]]}";"21/05/2024";"21/05/2024"
"73";"Secteur Aude amont (hors axe réalimenté)";"76_11_0001";"AEP";"Vigilance";"{"type":"Polygon","coordinates":[[[2.295898,43.177995],[2.295898,43.177995]]]}";"21/05/2024";"21/05/2024"
"74";"Secteur Argent-Double et affluents rive gauche de l?Aude sur ce secteur";"76_11_0006";"AEP";"Vigilance";"{"type":"Polygon","coordinates":[[[2.555887,43.337764],[2.555887,43.337764]]]}";"21/05/2024";"21/05/2024"
"76";"Secteur Aude amont (hors axe réalimenté)";"76_11_0001";"AEP";"Vigilance";"{"type":"Polygon","coordinates":[[[2.191319,43.012359],[2.191319,43.012359]]]}";"21/05/2024";"21/05/2024"
"77";"Secteur Aude amont (hors axe réalimenté)";"76_11_0001";"AEP";"Vigilance";"{"type":"Polygon","coordinates":[[[2.362028,42.982717],[2.362028,42.982717]]]}";"21/05/2024";"21/05/2024"
"84";"Secteur Aude amont (hors axe réalimenté)";"76_11_0001";"AEP";"Vigilance";"{"type":"Polygon","coordinates":[[[2.278524,43.060007],[2.278524,43.060007]]]}";"21/05/2024";"21/05/2024"
"85";"Secteur Argent-Double et affluents rive gauche de l?Aude sur ce secteur";"76_11_0006";"AEP";"Vigilance";"{"type":"Polygon","coordinates":[[[2.448888,43.277552],[2.448888,43.277552]]]}";"21/05/2024";"21/05/2024"
"86";"Secteur Aude amont (hors axe réalimenté)";"76_11_0001";"AEP";"Vigilance";"{"type":"Polygon","coordinates":[[[2.234115,43.163414],[2.234115,43.163414]]]}";"21/05/2024";"21/05/2024"
"89";"Bassin versant du Fresquel";"76_11_0013";"AEP";"Vigilance";"{"type":"Polygon","coordinates":[[[2.077179,43.234523],[2.077179,43.234523]]]}";"21/05/2024";"21/05/2024"
"92";"Secteur Aude aval, Berre et Rieu";"76_11_0005";"AEP";"Crise";"{"type":"Polygon","coordinates":[[[2.930702,42.934198],[2.930702,42.934198]]]}";"21/05/2024";"21/05/2024"
"93";"Secteur Aude amont (hors axe réalimenté)";"76_11_0001";"AEP";"Vigilance";"{"type":"Polygon","coordinates":[[[2.320373,43.042949],[2.320373,43.042949]]]}";"21/05/2024";"21/05/2024"
"95";"Secteur Orbiel et affluents rive gauche de l?Aude sur ce secteur";"76_11_0009";"AEP";"Vigilance";"{"type":"Polygon","coordinates":[[[2.439882,43.333594],[2.439882,43.333594]]]}";"21/05/2024";"21/05/2024"
"96";"Secteur Aude amont (hors axe réalimenté)";"76_11_0001";"AEP";"Vigilance";"{"type":"Polygon","coordinates":[[[2.410521,43.146321],[2.410521,43.146321]]]}";"21/05/2024";"21/05/2024"
"98";"Secteur Orbiel et affluents rive gauche de l?Aude sur ce secteur";"76_11_0009";"AEP";"Vigilance";"{"type":"Polygon","coordinates":[[[2.363191,43.267435],[2.363191,43.267435]]]}";"21/05/2024";"21/05/2024"
"101";"Secteur Orbiel et affluents rive gauche de l?Aude sur ce secteur";"76_11_0009";"AEP";"Vigilance";"{"type":"Polygon","coordinates":[[[2.431127,43.313664],[2.431127,43.313664]]]}";"21/05/2024";"21/05/2024"
"103";"Secteur Aude amont (hors axe réalimenté)";"76_11_0001";"AEP";"Vigilance";"{"type":"Polygon","coordinates":[[[2.07372,43.03894],[2.07372,43.03894]]]}";"21/05/2024";"21/05/2024"
"105";"Bassin versant du Fresquel";"76_11_0013";"AEP";"Vigilance";"{"type":"Polygon","coordinates":[[[2.40569,43.237186],[2.40569,43.237186]]]}";"21/05/2024";"21/05/2024"
"107";"Secteur Aude amont (hors axe réalimenté)";"76_11_0001";"AEP";"Vigilance";"{"type":"Polygon","coordinates":[[[2.311766,43.115752],[2.311766,43.115752]]]}";"21/05/2024";"21/05/2024"
"108";"Secteur Aude amont (hors axe réalimenté)";"76_11_0001";"AEP";"Vigilance";"{"type":"Polygon","coordinates":[[[2.311778,42.952109],[2.311778,42.952109]]]}";"21/05/2024";"21/05/2024"
"110";"Secteur Argent-Double et affluents rive gauche de l?Aude sur ce secteur";"76_11_0006";"AEP";"Vigilance";"{"type":"Polygon","coordinates":[[[2.520379,43.201074],[2.520379,43.201074]]]}";"21/05/2024";"21/05/2024"
"111";"Secteur Argent-Double et affluents rive gauche de l?Aude sur ce secteur";"76_11_0006";"AEP";"Vigilance";"{"type":"Polygon","coordinates":[[[2.70933,43.273715],[2.70933,43.273715]]]}";"21/05/2024";"21/05/2024"
"112";"Secteur Orbieu et affluents rive droite de l?Aude sur ce secteur";"76_11_0007";"AEP";"Alerte renforcée";"{"type":"Polygon","coordinates":[[[2.433648,43.022619],[2.433648,43.022619]]]}";"21/05/2024";"21/05/2024"
"114";"Secteur Aude amont (hors axe réalimenté)";"76_11_0001";"AEP";"Vigilance";"{"type":"Polygon","coordinates":[[[2.353702,43.006555],[2.353702,43.006555]]]}";"21/05/2024";"21/05/2024"
"115";"Secteur Aude amont (hors axe réalimenté)";"76_11_0001";"AEP";"Vigilance";"{"type":"Polygon","coordinates":[[[2.395015,42.923718],[2.395015,42.923718]]]}";"21/05/2024";"21/05/2024"
"117";"Bassin versant de l'Agly";"76_11_0002";"AEP";"Crise";"{"type":"Polygon","coordinates":[[[2.623979,42.919096],[2.623979,42.919096]]]}";"21/05/2024";"21/05/2024"
"122";"Secteur Orbieu et affluents rive droite de l?Aude sur ce secteur";"76_11_0007";"AEP";"Alerte renforcée";"{"type":"Polygon","coordinates":[[[2.463591,43.225571],[2.463591,43.225571]]]}";"21/05/2024";"21/05/2024"
"123";"Bassin versant du Fresquel";"76_11_0013";"AEP";"Vigilance";"{"type":"Polygon","coordinates":[[[1.913531,43.260277],[1.913531,43.260277]]]}";"21/05/2024";"21/05/2024"
"126";"Secteur Aude aval, Berre et Rieu";"76_11_0005";"AEP";"Crise";"{"type":"Polygon","coordinates":[[[2.756727,42.930902],[2.756727,42.930902]]]}";"21/05/2024";"21/05/2024"
"129";"Secteur Orbieu et affluents rive droite de l?Aude sur ce secteur";"76_11_0007";"AEP";"Alerte renforcée";"{"type":"Polygon","coordinates":[[[2.50188,43.088829],[2.50188,43.088829]]]}";"21/05/2024";"21/05/2024"
"130";"Secteur Orbieu et affluents rive droite de l?Aude sur ce secteur";"76_11_0007";"AEP";"Alerte renforcée";"{"type":"Polygon","coordinates":[[[2.52289,43.200904],[2.52289,43.200904]]]}";"21/05/2024";"21/05/2024"
"131";"Bassin versant du Fresquel";"76_11_0013";"AEP";"Vigilance";"{"type":"Polygon","coordinates":[[[2.103111,43.186222],[2.103111,43.186222]]]}";"21/05/2024";"21/05/2024"
"134";"Secteur Orbiel et affluents rive gauche de l?Aude sur ce secteur";"76_11_0009";"AEP";"Vigilance";"{"type":"Polygon","coordinates":[[[2.464275,43.298447],[2.464275,43.298447]]]}";"21/05/2024";"21/05/2024"
"137";"Secteur Aude amont (hors axe réalimenté)";"76_11_0001";"AEP";"Vigilance";"{"type":"Polygon","coordinates":[[[2.299612,42.939253],[2.299612,42.939253]]]}";"21/05/2024";"21/05/2024"
"138";"Bassin versant du Fresquel";"76_11_0013";"AEP";"Vigilance";"{"type":"Polygon","coordinates":[[[2.128032,43.271505],[2.128032,43.271505]]]}";"21/05/2024";"21/05/2024"
"140";"Secteur Aude aval, Berre et Rieu";"76_11_0005";"AEP";"Crise";"{"type":"Polygon","coordinates":[[[2.837704,43.051226],[2.837704,43.051226]]]}";"21/05/2024";"21/05/2024"
"143";"Secteur Orbieu et affluents rive droite de l?Aude sur ce secteur";"76_11_0007";"AEP";"Alerte renforcée";"{"type":"Polygon","coordinates":[[[2.698235,43.240333],[2.698235,43.240333]]]}";"21/05/2024";"21/05/2024"
"144";"Secteur Aude aval, Berre et Rieu";"76_11_0005";"AEP";"Crise";"{"type":"Polygon","coordinates":[[[3.129602,43.207758],[3.129602,43.207758]]]}";"21/05/2024";"21/05/2024"
"148";"Secteur Aude aval, Berre et Rieu";"76_11_0005";"AEP";"Crise";"{"type":"Polygon","coordinates":[[[2.81014,42.898545],[2.81014,42.898545]]]}";"21/05/2024";"21/05/2024"
"149";"Bassin versant du Fresquel";"76_11_0013";"AEP";"Vigilance";"{"type":"Polygon","coordinates":[[[2.240021,43.208054],[2.240021,43.208054]]]}";"21/05/2024";"21/05/2024"
"152";"Secteur Orbieu et affluents rive droite de l?Aude sur ce secteur";"76_11_0007";"AEP";"Alerte renforcée";"{"type":"Polygon","coordinates":[[[2.677709,43.217103],[2.677709,43.217103]]]}";"21/05/2024";"21/05/2024"
"153";"Secteur Orbieu et affluents rive droite de l?Aude sur ce secteur";"76_11_0007";"AEP";"Alerte renforcée";"{"type":"Polygon","coordinates":[[[2.724786,43.164074],[2.724786,43.164074]]]}";"21/05/2024";"21/05/2024"
"156";"Secteur Aude aval, Berre et Rieu";"76_11_0005";"AEP";"Crise";"{"type":"Polygon","coordinates":[[[2.832677,43.066458],[2.832677,43.066458]]]}";"21/05/2024";"21/05/2024"
"158";"Secteur Aude amont (hors axe réalimenté)";"76_11_0001";"AEP";"Vigilance";"{"type":"Polygon","coordinates":[[[2.445852,43.140803],[2.445852,43.140803]]]}";"21/05/2024";"21/05/2024"
"159";"Bassin versant du Fresquel";"76_11_0013";"AEP";"Vigilance";"{"type":"Polygon","coordinates":[[[2.001957,43.283738],[2.001957,43.283738]]]}";"21/05/2024";"21/05/2024"
"160";"Secteur Orbieu et affluents rive droite de l?Aude sur ce secteur";"76_11_0007";"AEP";"Alerte renforcée";"{"type":"Polygon","coordinates":[[[2.463595,42.97896],[2.463595,42.97896]]]}";"21/05/2024";"21/05/2024"
"163";"Secteur Aude amont (hors axe réalimenté)";"76_11_0001";"AEP";"Vigilance";"{"type":"Polygon","coordinates":[[[1.998511,42.735944],[1.998511,42.735944]]]}";"21/05/2024";"21/05/2024"
"164";"Secteur Orbieu et affluents rive droite de l?Aude sur ce secteur";"76_11_0007";"AEP";"Alerte renforcée";"{"type":"Polygon","coordinates":[[[2.412205,43.219022],[2.412205,43.219022]]]}";"21/05/2024";"21/05/2024"
"165";"Secteur Aude amont (hors axe réalimenté)";"76_11_0001";"AEP";"Vigilance";"{"type":"Polygon","coordinates":[[[2.151149,43.053682],[2.151149,43.053682]]]}";"21/05/2024";"21/05/2024"
"167";"Bassin versant de l'Agly";"76_11_0002";"AEP";"Crise";"{"type":"Polygon","coordinates":[[[2.582715,42.911123],[2.582715,42.911123]]]}";"21/05/2024";"21/05/2024"
"169";"Bassin versant de l'Agly";"76_11_0002";"AEP";"Crise";"{"type":"Polygon","coordinates":[[[2.666303,42.982599],[2.666303,42.982599]]]}";"21/05/2024";"21/05/2024"
"170";"Bassin versant du Fresquel";"76_11_0013";"AEP";"Vigilance";"{"type":"Polygon","coordinates":[[[1.947682,43.372635],[1.947682,43.372635]]]}";"21/05/2024";"21/05/2024"
"172";"Secteur Orbieu et affluents rive droite de l?Aude sur ce secteur";"76_11_0007";"AEP";"Alerte renforcée";"{"type":"Polygon","coordinates":[[[2.855661,43.221789],[2.855661,43.221789]]]}";"21/05/2024";"21/05/2024"
"175";"Secteur Aude amont (hors axe réalimenté)";"76_11_0001";"AEP";"Vigilance";"{"type":"Polygon","coordinates":[[[2.452079,43.020422],[2.452079,43.020422]]]}";"21/05/2024";"21/05/2024"
"176";"Bassin versant du Fresquel";"76_11_0013";"AEP";"Vigilance";"{"type":"Polygon","coordinates":[[[1.916168,43.347507],[1.916168,43.347507]]]}";"21/05/2024";"21/05/2024"
"180";"Secteur Aude amont (hors axe réalimenté)";"76_11_0001";"AEP";"Vigilance";"{"type":"Polygon","coordinates":[[[2.302044,43.132972],[2.302044,43.132972]]]}";"21/05/2024";"21/05/2024"
"181";"Bassin versant de l'Agly";"76_11_0002";"AEP";"Crise";"{"type":"Polygon","coordinates":[[[2.665128,42.83664],[2.665128,42.83664]]]}";"21/05/2024";"21/05/2024"
"184";"Secteur Argent-Double et affluents rive gauche de l?Aude sur ce secteur";"76_11_0006";"AEP";"Vigilance";"{"type":"Polygon","coordinates":[[[2.567406,43.229417],[2.567406,43.229417]]]}";"21/05/2024";"21/05/2024"
"187";"Secteur Orbieu et affluents rive droite de l?Aude sur ce secteur";"76_11_0007";"AEP";"Alerte renforcée";"{"type":"Polygon","coordinates":[[[2.495074,43.159542],[2.495074,43.159542]]]}";"21/05/2024";"21/05/2024"
"188";"Bassin versant de l'Agly";"76_11_0002";"AEP";"Crise";"{"type":"Polygon","coordinates":[[[2.581802,42.945507],[2.581802,42.945507]]]}";"21/05/2024";"21/05/2024"
"191";"Secteur Aude amont (hors axe réalimenté)";"76_11_0001";"AEP";"Vigilance";"{"type":"Polygon","coordinates":[[[2.178707,43.035374],[2.178707,43.035374]]]}";"21/05/2024";"21/05/2024"
"194";"Bassin versant de l'Agly";"76_11_0002";"AEP";"Crise";"{"type":"Polygon","coordinates":[[[2.55862,42.845687],[2.55862,42.845687]]]}";"21/05/2024";"21/05/2024"
"195";"Secteur Orbiel et affluents rive gauche de l?Aude sur ce secteur";"76_11_0009";"AEP";"Vigilance";"{"type":"Polygon","coordinates":[[[2.351434,43.305058],[2.351434,43.305058]]]}";"21/05/2024";"21/05/2024"
"197";"Bassin versant de l'Agly";"76_11_0002";"AEP";"Crise";"{"type":"Polygon","coordinates":[[[2.515798,42.845348],[2.515798,42.845348]]]}";"21/05/2024";"21/05/2024"
"199";"Secteur Aude aval, Berre et Rieu";"76_11_0005";"AEP";"Crise";"{"type":"Polygon","coordinates":[[[2.778093,43.004449],[2.778093,43.004449]]]}";"21/05/2024";"21/05/2024"
"200";"Secteur Aude aval, Berre et Rieu";"76_11_0005";"AEP";"Crise";"{"type":"Polygon","coordinates":[[[2.666303,42.982599],[2.666303,42.982599]]]}";"21/05/2024";"21/05/2024"
"203";"Secteur Aude amont (hors axe réalimenté)";"76_11_0001";"AEP";"Vigilance";"{"type":"Polygon","coordinates":[[[2.213686,43.128279],[2.213686,43.128279]]]}";"21/05/2024";"21/05/2024"
"206";"Secteur Orbieu et affluents rive droite de l?Aude sur ce secteur";"76_11_0007";"AEP";"Alerte renforcée";"{"type":"Polygon","coordinates":[[[2.623906,43.026729],[2.623906,43.026729]]]}";"21/05/2024";"21/05/2024"
"207";"Secteur Orbiel et affluents rive gauche de l?Aude sur ce secteur";"76_11_0009";"AEP";"Vigilance";"{"type":"Polygon","coordinates":[[[2.385541,43.333372],[2.385541,43.333372]]]}";"21/05/2024";"21/05/2024"
"210";"Secteur Orbieu et affluents rive droite de l?Aude sur ce secteur";"76_11_0007";"AEP";"Alerte renforcée";"{"type":"Polygon","coordinates":[[[2.822728,43.08104],[2.822728,43.08104]]]}";"21/05/2024";"21/05/2024"
"211";"Bassin versant de l'Agly";"76_11_0002";"AEP";"Crise";"{"type":"Polygon","coordinates":[[[2.582715,42.911123],[2.582715,42.911123]]]}";"21/05/2024";"21/05/2024"
"212";"Secteur Aude amont (hors axe réalimenté)";"76_11_0001";"AEP";"Vigilance";"{"type":"Polygon","coordinates":[[[2.152605,42.972172],[2.152605,42.972172]]]}";"21/05/2024";"21/05/2024"
"213";"Secteur Orbieu et affluents rive droite de l?Aude sur ce secteur";"76_11_0007";"AEP";"Alerte renforcée";"{"type":"Polygon","coordinates":[[[2.633411,43.063023],[2.633411,43.063023]]]}";"21/05/2024";"21/05/2024"
"216";"Bassin versant du Fresquel";"76_11_0013";"AEP";"Vigilance";"{"type":"Polygon","coordinates":[[[1.939909,43.389988],[1.939909,43.389988]]]}";"21/05/2024";"21/05/2024"
"217";"Secteur Orbieu et affluents rive droite de l?Aude sur ce secteur";"76_11_0007";"AEP";"Alerte renforcée";"{"type":"Polygon","coordinates":[[[2.503177,43.083713],[2.503177,43.083713]]]}";"21/05/2024";"21/05/2024"
"219";"Secteur Orbieu et affluents rive droite de l?Aude sur ce secteur";"76_11_0007";"AEP";"Alerte renforcée";"{"type":"Polygon","coordinates":[[[2.50276,43.002524],[2.50276,43.002524]]]}";"21/05/2024";"21/05/2024"
"221";"Secteur Orbieu et affluents rive droite de l?Aude sur ce secteur";"76_11_0007";"AEP";"Alerte renforcée";"{"type":"Polygon","coordinates":[[[2.848405,43.199852],[2.848405,43.199852]]]}";"21/05/2024";"21/05/2024"
"223";"Secteur Orbiel et affluents rive gauche de l?Aude sur ce secteur";"76_11_0009";"AEP";"Vigilance";"{"type":"Polygon","coordinates":[[[2.412205,43.219022],[2.412205,43.219022]]]}";"21/05/2024";"21/05/2024"
"224";"Secteur Aude amont (hors axe réalimenté)";"76_11_0001";"AEP";"Vigilance";"{"type":"Polygon","coordinates":[[[2.360446,42.989639],[2.360446,42.989639]]]}";"21/05/2024";"21/05/2024"
"226";"Bassin versant du Fresquel";"76_11_0013";"AEP";"Vigilance";"{"type":"Polygon","coordinates":[[[2.213753,43.227319],[2.213753,43.227319]]]}";"21/05/2024";"21/05/2024"
"228";"Secteur Orbieu et affluents rive droite de l?Aude sur ce secteur";"76_11_0007";"AEP";"Alerte renforcée";"{"type":"Polygon","coordinates":[[[2.565173,43.049545],[2.565173,43.049545]]]}";"21/05/2024";"21/05/2024"
"230";"Bassin versant du Fresquel";"76_11_0013";"AEP";"Vigilance";"{"type":"Polygon","coordinates":[[[1.855338,43.374007],[1.855338,43.374007]]]}";"21/05/2024";"21/05/2024"
"232";"Bassin versant du Fresquel";"76_11_0013";"AEP";"Vigilance";"{"type":"Polygon","coordinates":[[[2.102077,43.33851],[2.102077,43.33851]]]}";"21/05/2024";"21/05/2024"
"233";"Secteur Aude aval, Berre et Rieu";"76_11_0005";"AEP";"Crise";"{"type":"Polygon","coordinates":[[[2.897231,43.300489],[2.897231,43.300489]]]}";"21/05/2024";"21/05/2024"
"236";"Secteur Aude aval, Berre et Rieu";"76_11_0005";"AEP";"Crise";"{"type":"Polygon","coordinates":[[[2.706861,43.027029],[2.706861,43.027029]]]}";"21/05/2024";"21/05/2024"
"237";"Secteur Orbieu et affluents rive droite de l?Aude sur ce secteur";"76_11_0007";"AEP";"Alerte renforcée";"{"type":"Polygon","coordinates":[[[2.717651,43.165108],[2.717651,43.165108]]]}";"21/05/2024";"21/05/2024"
"239";"Secteur Aude amont (hors axe réalimenté)";"76_11_0001";"AEP";"Vigilance";"{"type":"Polygon","coordinates":[[[2.046345,42.844402],[2.046345,42.844402]]]}";"21/05/2024";"21/05/2024"
"241";"Secteur Orbieu et affluents rive droite de l?Aude sur ce secteur";"76_11_0007";"AEP";"Alerte renforcée";"{"type":"Polygon","coordinates":[[[2.452079,43.020422],[2.452079,43.020422]]]}";"21/05/2024";"21/05/2024"
"243";"Secteur Aude amont (hors axe réalimenté)";"76_11_0001";"AEP";"Vigilance";"{"type":"Polygon","coordinates":[[[2.034267,42.809624],[2.034267,42.809624]]]}";"21/05/2024";"21/05/2024"
"244";"Secteur Orbieu et affluents rive droite de l?Aude sur ce secteur";"76_11_0007";"AEP";"Alerte renforcée";"{"type":"Polygon","coordinates":[[[2.466144,43.030859],[2.466144,43.030859]]]}";"21/05/2024";"21/05/2024"
"246";"Secteur Orbieu et affluents rive droite de l?Aude sur ce secteur";"76_11_0007";"AEP";"Alerte renforcée";"{"type":"Polygon","coordinates":[[[2.430881,43.066967],[2.430881,43.066967]]]}";"21/05/2024";"21/05/2024"
"247";"Secteur Aude amont (hors axe réalimenté)";"76_11_0001";"AEP";"Vigilance";"{"type":"Polygon","coordinates":[[[2.344874,43.171234],[2.344874,43.171234]]]}";"21/05/2024";"21/05/2024"
"248";"Secteur Aude amont (hors axe réalimenté)";"76_11_0001";"AEP";"Vigilance";"{"type":"Polygon","coordinates":[[[2.059822,42.770402],[2.059822,42.770402]]]}";"21/05/2024";"21/05/2024"
"251";"Secteur Orbieu et affluents rive droite de l?Aude sur ce secteur";"76_11_0007";"AEP";"Alerte renforcée";"{"type":"Polygon","coordinates":[[[2.566793,43.022446],[2.566793,43.022446]]]}";"21/05/2024";"21/05/2024"
"252";"Bassin versant du Fresquel";"76_11_0013";"AEP";"Vigilance";"{"type":"Polygon","coordinates":[[[2.190504,43.226602],[2.190504,43.226602]]]}";"21/05/2024";"21/05/2024"
"255";"Secteur Orbieu et affluents rive droite de l?Aude sur ce secteur";"76_11_0007";"AEP";"Alerte renforcée";"{"type":"Polygon","coordinates":[[[2.481077,43.095511],[2.481077,43.095511]]]}";"21/05/2024";"21/05/2024"
"256";"Bassin versant du Fresquel";"76_11_0013";"AEP";"Vigilance";"{"type":"Polygon","coordinates":[[[1.965924,43.415183],[1.965924,43.415183]]]}";"21/05/2024";"21/05/2024"
"259";"Secteur Aude aval, Berre et Rieu";"76_11_0005";"AEP";"Crise";"{"type":"Polygon","coordinates":[[[2.882765,43.097114],[2.882765,43.097114]]]}";"21/05/2024";"21/05/2024"
"260";"Secteur Orbiel et affluents rive gauche de l?Aude sur ce secteur";"76_11_0009";"AEP";"Vigilance";"{"type":"Polygon","coordinates":[[[2.406997,43.419198],[2.406997,43.419198]]]}";"21/05/2024";"21/05/2024"
"262";"Bassin versant du Fresquel";"76_11_0013";"AEP";"Vigilance";"{"type":"Polygon","coordinates":[[[2.052835,43.430507],[2.052835,43.430507]]]}";"21/05/2024";"21/05/2024"
"265";"Bassin versant du Fresquel";"76_11_0013";"AEP";"Vigilance";"{"type":"Polygon","coordinates":[[[1.990009,43.290318],[1.990009,43.290318]]]}";"21/05/2024";"21/05/2024"
"267";"Secteur Aude amont (hors axe réalimenté)";"76_11_0001";"AEP";"Vigilance";"{"type":"Polygon","coordinates":[[[2.258835,42.970296],[2.258835,42.970296]]]}";"21/05/2024";"21/05/2024"
"268";"Bassin versant du Fresquel";"76_11_0013";"AEP";"Vigilance";"{"type":"Polygon","coordinates":[[[2.215147,43.382269],[2.215147,43.382269]]]}";"21/05/2024";"21/05/2024"
"271";"Secteur Aude amont (hors axe réalimenté)";"76_11_0001";"AEP";"Vigilance";"{"type":"Polygon","coordinates":[[[2.100638,42.731886],[2.100638,42.731886]]]}";"21/05/2024";"21/05/2024"
"274";"Secteur Aude amont (hors axe réalimenté)";"76_11_0001";"AEP";"Vigilance";"{"type":"Polygon","coordinates":[[[2.194083,42.95387],[2.194083,42.95387]]]}";"21/05/2024";"21/05/2024"
"276";"Secteur Aude aval, Berre et Rieu";"76_11_0005";"AEP";"Crise";"{"type":"Polygon","coordinates":[[[3.01043,43.089812],[3.01043,43.089812]]]}";"21/05/2024";"21/05/2024"
"277";"Bassin versant du Fresquel";"76_11_0013";"AEP";"Vigilance";"{"type":"Polygon","coordinates":[[[2.108711,43.394451],[2.108711,43.394451]]]}";"21/05/2024";"21/05/2024"
"278";"Secteur Argent-Double et affluents rive gauche de l?Aude sur ce secteur";"76_11_0006";"AEP";"Vigilance";"{"type":"Polygon","coordinates":[[[2.463591,43.225571],[2.463591,43.225571]]]}";"21/05/2024";"21/05/2024"
"280";"Secteur Aude aval, Berre et Rieu";"76_11_0005";"AEP";"Crise";"{"type":"Polygon","coordinates":[[[3.19321,43.250314],[3.19321,43.250314]]]}";"21/05/2024";"21/05/2024"
"283";"Secteur Orbieu et affluents rive droite de l?Aude sur ce secteur";"76_11_0007";"AEP";"Alerte renforcée";"{"type":"Polygon","coordinates":[[[2.436395,43.195662],[2.436395,43.195662]]]}";"21/05/2024";"21/05/2024"
"285";"Secteur Aude amont (hors axe réalimenté)";"76_11_0001";"AEP";"Vigilance";"{"type":"Polygon","coordinates":[[[1.982614,43.110073],[1.982614,43.110073]]]}";"21/05/2024";"21/05/2024"
"286";"Secteur Aude aval, Berre et Rieu";"76_11_0005";"AEP";"Crise";"{"type":"Polygon","coordinates":[[[2.907114,42.895791],[2.907114,42.895791]]]}";"21/05/2024";"21/05/2024"
"287";"Secteur Aude aval, Berre et Rieu";"76_11_0005";"AEP";"Crise";"{"type":"Polygon","coordinates":[[[2.85605,42.950058],[2.85605,42.950058]]]}";"21/05/2024";"21/05/2024"
"289";"Secteur Aude amont (hors axe réalimenté)";"76_11_0001";"AEP";"Vigilance";"{"type":"Polygon","coordinates":[[[2.033135,43.13163],[2.033135,43.13163]]]}";"21/05/2024";"21/05/2024"
"292";"Bassin versant du Fresquel";"76_11_0013";"AEP";"Vigilance";"{"type":"Polygon","coordinates":[[[2.079923,43.254207],[2.079923,43.254207]]]}";"21/05/2024";"21/05/2024"
"294";"Secteur Orbieu et affluents rive droite de l?Aude sur ce secteur";"76_11_0007";"AEP";"Alerte renforcée";"{"type":"Polygon","coordinates":[[[2.436395,43.195662],[2.436395,43.195662]]]}";"21/05/2024";"21/05/2024"
"295";"Secteur Aude amont (hors axe réalimenté)";"76_11_0001";"AEP";"Vigilance";"{"type":"Polygon","coordinates":[[[2.163526,43.154041],[2.163526,43.154041]]]}";"21/05/2024";"21/05/2024"
"297";"Bassin versant du Fresquel";"76_11_0013";"AEP";"Vigilance";"{"type":"Polygon","coordinates":[[[2.22898,43.331341],[2.22898,43.331341]]]}";"21/05/2024";"21/05/2024"
"299";"Bassin versant du Fresquel";"76_11_0013";"AEP";"Vigilance";"{"type":"Polygon","coordinates":[[[2.057504,43.159431],[2.057504,43.159431]]]}";"21/05/2024";"21/05/2024"
"301";"Secteur Orbiel et affluents rive gauche de l?Aude sur ce secteur";"76_11_0009";"AEP";"Vigilance";"{"type":"Polygon","coordinates":[[[2.496989,43.380537],[2.496989,43.380537]]]}";"21/05/2024";"21/05/2024"
"303";"Secteur Aude amont (hors axe réalimenté)";"76_11_0001";"AEP";"Vigilance";"{"type":"Polygon","coordinates":[[[2.030654,42.741468],[2.030654,42.741468]]]}";"21/05/2024";"21/05/2024"
"305";"Bassin versant de l'Agly";"76_11_0002";"AEP";"Crise";"{"type":"Polygon","coordinates":[[[2.38216,42.848745],[2.38216,42.848745]]]}";"21/05/2024";"21/05/2024"
"307";"Secteur Aude amont (hors axe réalimenté)";"76_11_0001";"AEP";"Vigilance";"{"type":"Polygon","coordinates":[[[2.225704,42.915539],[2.225704,42.915539]]]}";"21/05/2024";"21/05/2024"
"309";"Secteur Cesse et affluents rive gauche de l?Aude sur ce secteur";"76_11_0010";"AEP";"Vigilance";"{"type":"Polygon","coordinates":[[[2.860104,43.267604],[2.860104,43.267604]]]}";"21/05/2024";"21/05/2024"
"311";"Secteur Aude aval, Berre et Rieu";"76_11_0005";"AEP";"Crise";"{"type":"Polygon","coordinates":[[[3.067576,43.21177],[3.067576,43.21177]]]}";"21/05/2024";"21/05/2024"
"312";"Nappes Plioquaternaires du Roussilon";"76_11_0021";"AEP";"Crise";"{"type":"Polygon","coordinates":[[[3.012587,42.852334],[3.012587,42.852334]]]}";"21/05/2024";"21/05/2024"
"314";"Secteur Aude amont (hors axe réalimenté)";"76_11_0001";"AEP";"Vigilance";"{"type":"Polygon","coordinates":[[[2.147596,43.162045],[2.147596,43.162045]]]}";"21/05/2024";"21/05/2024"
"315";"Secteur Aude amont (hors axe réalimenté)";"76_11_0001";"AEP";"Vigilance";"{"type":"Polygon","coordinates":[[[2.033668,42.871097],[2.033668,42.871097]]]}";"21/05/2024";"21/05/2024"
"317";"Bassin versant de l'Agly";"76_11_0002";"AEP";"Crise";"{"type":"Polygon","coordinates":[[[2.283258,42.749305],[2.283258,42.749305]]]}";"21/05/2024";"21/05/2024"
"320";"Secteur Aude amont (hors axe réalimenté)";"76_11_0001";"AEP";"Vigilance";"{"type":"Polygon","coordinates":[[[2.153228,42.850299],[2.153228,42.850299]]]}";"21/05/2024";"21/05/2024"
"322";"Bassin versant du Fresquel";"76_11_0013";"AEP";"Vigilance";"{"type":"Polygon","coordinates":[[[2.091476,43.393716],[2.091476,43.393716]]]}";"21/05/2024";"21/05/2024"
"324";"Secteur Aude amont (hors axe réalimenté)";"76_11_0001";"AEP";"Vigilance";"{"type":"Polygon","coordinates":[[[1.94929,42.78563],[1.94929,42.78563]]]}";"21/05/2024";"21/05/2024"
"325";"Bassin versant du Fresquel";"76_11_0013";"AEP";"Vigilance";"{"type":"Polygon","coordinates":[[[2.079617,43.322076],[2.079617,43.322076]]]}";"21/05/2024";"21/05/2024"
"327";"Secteur Aude amont (hors axe réalimenté)";"76_11_0001";"AEP";"Vigilance";"{"type":"Polygon","coordinates":[[[2.276075,43.057422],[2.276075,43.057422]]]}";"21/05/2024";"21/05/2024"
"330";"Bassin versant du Fresquel";"76_11_0013";"AEP";"Vigilance";"{"type":"Polygon","coordinates":[[[2.104511,43.336211],[2.104511,43.336211]]]}";"21/05/2024";"21/05/2024"
"332";"Secteur Aude amont (hors axe réalimenté)";"76_11_0001";"AEP";"Vigilance";"{"type":"Polygon","coordinates":[[[2.173542,42.804272],[2.173542,42.804272]]]}";"21/05/2024";"21/05/2024"
"333";"Secteur Aude amont (hors axe réalimenté)";"76_11_0001";"AEP";"Vigilance";"{"type":"Polygon","coordinates":[[[2.27776,43.088846],[2.27776,43.088846]]]}";"21/05/2024";"21/05/2024"
"336";"Secteur Orbieu et affluents rive droite de l?Aude sur ce secteur";"76_11_0007";"AEP";"Alerte renforcée";"{"type":"Polygon","coordinates":[[[2.666127,43.153794],[2.666127,43.153794]]]}";"21/05/2024";"21/05/2024"
"337";"Secteur Orbieu et affluents rive droite de l?Aude sur ce secteur";"76_11_0007";"AEP";"Alerte renforcée";"{"type":"Polygon","coordinates":[[[2.806625,43.217156],[2.806625,43.217156]]]}";"21/05/2024";"21/05/2024"
"340";"Secteur Orbieu et affluents rive droite de l?Aude sur ce secteur";"76_11_0007";"AEP";"Alerte renforcée";"{"type":"Polygon","coordinates":[[[2.586154,43.184068],[2.586154,43.184068]]]}";"21/05/2024";"21/05/2024"
"343";"Secteur Aude aval, Berre et Rieu";"76_11_0005";"AEP";"Crise";"{"type":"Polygon","coordinates":[[[2.894803,43.326231],[2.894803,43.326231]]]}";"21/05/2024";"21/05/2024"
"344";"Bassin versant du Fresquel";"76_11_0013";"AEP";"Vigilance";"{"type":"Polygon","coordinates":[[[2.121185,43.288846],[2.121185,43.288846]]]}";"21/05/2024";"21/05/2024"
"346";"Secteur Aude aval, Berre et Rieu";"76_11_0005";"AEP";"Crise";"{"type":"Polygon","coordinates":[[[2.778093,43.004449],[2.778093,43.004449]]]}";"21/05/2024";"21/05/2024"
"348";"Bassin versant de l'Agly";"76_11_0002";"AEP";"Crise";"{"type":"Polygon","coordinates":[[[2.679505,42.910282],[2.679505,42.910282]]]}";"21/05/2024";"21/05/2024"
"351";"Secteur Aude amont (hors axe réalimenté)";"76_11_0001";"AEP";"Vigilance";"{"type":"Polygon","coordinates":[[[2.108272,43.121789],[2.108272,43.121789]]]}";"21/05/2024";"21/05/2024"
"352";"Bassin versant du Fresquel";"76_11_0013";"AEP";"Vigilance";"{"type":"Polygon","coordinates":[[[2.012509,43.206379],[2.012509,43.206379]]]}";"21/05/2024";"21/05/2024"
"354";"Bassin versant du Fresquel";"76_11_0013";"AEP";"Vigilance";"{"type":"Polygon","coordinates":[[[1.897396,43.414225],[1.897396,43.414225]]]}";"21/05/2024";"21/05/2024"
"356";"Secteur Aude amont (hors axe réalimenté)";"76_11_0001";"AEP";"Vigilance";"{"type":"Polygon","coordinates":[[[2.130251,43.003995],[2.130251,43.003995]]]}";"21/05/2024";"21/05/2024"
"357";"Secteur Argent-Double et affluents rive gauche de l?Aude sur ce secteur";"76_11_0006";"AEP";"Vigilance";"{"type":"Polygon","coordinates":[[[2.492997,43.370637],[2.492997,43.370637]]]}";"21/05/2024";"21/05/2024"
"360";"Bassin versant du Fresquel";"76_11_0013";"AEP";"Vigilance";"{"type":"Polygon","coordinates":[[[2.300607,43.36698],[2.300607,43.36698]]]}";"21/05/2024";"21/05/2024"
"362";"Secteur Orbiel et affluents rive gauche de l?Aude sur ce secteur";"76_11_0009";"AEP";"Vigilance";"{"type":"Polygon","coordinates":[[[2.494749,43.437155],[2.494749,43.437155]]]}";"21/05/2024";"21/05/2024"
"364";"Secteur Aude aval, Berre et Rieu";"76_11_0005";"AEP";"Crise";"{"type":"Polygon","coordinates":[[[2.93971,42.953211],[2.93971,42.953211]]]}";"21/05/2024";"21/05/2024"
"365";"Secteur Aude amont (hors axe réalimenté)";"76_11_0001";"AEP";"Vigilance";"{"type":"Polygon","coordinates":[[[2.344874,43.171234],[2.344874,43.171234]]]}";"21/05/2024";"21/05/2024"
"369";"Bassin versant du Fresquel";"76_11_0013";"AEP";"Vigilance";"{"type":"Polygon","coordinates":[[[2.104511,43.336211],[2.104511,43.336211]]]}";"21/05/2024";"21/05/2024"
"371";"Secteur Orbieu et affluents rive droite de l?Aude sur ce secteur";"76_11_0007";"AEP";"Alerte renforcée";"{"type":"Polygon","coordinates":[[[2.459142,42.961727],[2.459142,42.961727]]]}";"21/05/2024";"21/05/2024"
"373";"Secteur Aude amont (hors axe réalimenté)";"76_11_0001";"AEP";"Vigilance";"{"type":"Polygon","coordinates":[[[2.227395,43.118316],[2.227395,43.118316]]]}";"21/05/2024";"21/05/2024"
"375";"Secteur Orbieu et affluents rive droite de l?Aude sur ce secteur";"76_11_0007";"AEP";"Alerte renforcée";"{"type":"Polygon","coordinates":[[[2.530729,43.064552],[2.530729,43.064552]]]}";"21/05/2024";"21/05/2024"
"377";"Secteur Aude amont (hors axe réalimenté)";"76_11_0001";"AEP";"Vigilance";"{"type":"Polygon","coordinates":[[[2.099879,43.008118],[2.099879,43.008118]]]}";"21/05/2024";"21/05/2024"
"378";"Secteur Aude amont (hors axe réalimenté)";"76_11_0001";"AEP";"Vigilance";"{"type":"Polygon","coordinates":[[[2.153228,42.850299],[2.153228,42.850299]]]}";"21/05/2024";"21/05/2024"
"380";"Bassin versant du Fresquel";"76_11_0013";"AEP";"Vigilance";"{"type":"Polygon","coordinates":[[[2.06688,43.225465],[2.06688,43.225465]]]}";"21/05/2024";"21/05/2024"
"382";"Secteur Orbieu et affluents rive droite de l?Aude sur ce secteur";"76_11_0007";"AEP";"Alerte renforcée";"{"type":"Polygon","coordinates":[[[2.534691,42.986911],[2.534691,42.986911]]]}";"21/05/2024";"21/05/2024"
"384";"Bassin versant de l'Agly";"76_11_0002";"AEP";"Crise";"{"type":"Polygon","coordinates":[[[2.456854,42.8374],[2.456854,42.8374]]]}";"21/05/2024";"21/05/2024"
"386";"Bassin versant du Fresquel";"76_11_0013";"AEP";"Vigilance";"{"type":"Polygon","coordinates":[[[1.935442,43.361358],[1.935442,43.361358]]]}";"21/05/2024";"21/05/2024"
"388";"Secteur Orbieu et affluents rive droite de l?Aude sur ce secteur";"76_11_0007";"AEP";"Alerte renforcée";"{"type":"Polygon","coordinates":[[[2.818418,43.170776],[2.818418,43.170776]]]}";"21/05/2024";"21/05/2024"
"391";"Secteur Aude amont (hors axe réalimenté)";"76_11_0001";"AEP";"Vigilance";"{"type":"Polygon","coordinates":[[[2.178552,43.035126],[2.178552,43.035126]]]}";"21/05/2024";"21/05/2024"
"393";"Secteur Aude aval, Berre et Rieu";"76_11_0005";"AEP";"Crise";"{"type":"Polygon","coordinates":[[[2.884352,42.98862],[2.884352,42.98862]]]}";"21/05/2024";"21/05/2024"
"394";"Secteur Orbiel et affluents rive gauche de l?Aude sur ce secteur";"76_11_0009";"AEP";"Vigilance";"{"type":"Polygon","coordinates":[[[2.265593,43.351616],[2.265593,43.351616]]]}";"21/05/2024";"21/05/2024"
"395";"Secteur Aude aval, Berre et Rieu";"76_11_0005";"AEP";"Crise";"{"type":"Polygon","coordinates":[[[3.064129,43.200586],[3.064129,43.200586]]]}";"21/05/2024";"21/05/2024"
"396";"Secteur Orbiel et affluents rive gauche de l?Aude sur ce secteur";"76_11_0009";"AEP";"Vigilance";"{"type":"Polygon","coordinates":[[[2.4398,43.258305],[2.4398,43.258305]]]}";"21/05/2024";"21/05/2024"
"397";"Secteur Cesse et affluents rive gauche de l?Aude sur ce secteur";"76_11_0010";"AEP";"Vigilance";"{"type":"Polygon","coordinates":[[[2.909959,43.238016],[2.909959,43.238016]]]}";"21/05/2024";"21/05/2024"
"399";"Secteur Aude amont (hors axe réalimenté)";"76_11_0001";"AEP";"Vigilance";"{"type":"Polygon","coordinates":[[[2.204385,42.836824],[2.204385,42.836824]]]}";"21/05/2024";"21/05/2024"
"400";"Secteur Aude amont (hors axe réalimenté)";"76_11_0001";"AEP";"Vigilance";"{"type":"Polygon","coordinates":[[[2.240021,43.208054],[2.240021,43.208054]]]}";"21/05/2024";"21/05/2024"
"403";"Secteur Aude amont (hors axe réalimenté)";"76_11_0001";"AEP";"Vigilance";"{"type":"Polygon","coordinates":[[[2.117271,43.036584],[2.117271,43.036584]]]}";"21/05/2024";"21/05/2024"
"405";"Secteur Aude amont (hors axe réalimenté)";"76_11_0001";"AEP";"Vigilance";"{"type":"Polygon","coordinates":[[[2.412296,42.957103],[2.412296,42.957103]]]}";"21/05/2024";"21/05/2024"
"408";"Secteur Orbieu et affluents rive droite de l?Aude sur ce secteur";"76_11_0007";"AEP";"Alerte renforcée";"{"type":"Polygon","coordinates":[[[2.454371,42.932612],[2.454371,42.932612]]]}";"21/05/2024";"21/05/2024"
"409";"Secteur Orbiel et affluents rive gauche de l?Aude sur ce secteur";"76_11_0009";"AEP";"Vigilance";"{"type":"Polygon","coordinates":[[[2.365438,43.331003],[2.365438,43.331003]]]}";"21/05/2024";"21/05/2024"
"410";"Secteur Orbieu et affluents rive droite de l?Aude sur ce secteur";"76_11_0007";"AEP";"Alerte renforcée";"{"type":"Polygon","coordinates":[[[2.42021,42.931574],[2.42021,42.931574]]]}";"21/05/2024";"21/05/2024"
"414";"Secteur Aude amont (hors axe réalimenté)";"76_11_0001";"AEP";"Vigilance";"{"type":"Polygon","coordinates":[[[2.212137,42.772086],[2.212137,42.772086]]]}";"21/05/2024";"21/05/2024"
"415";"Secteur Orbieu et affluents rive droite de l?Aude sur ce secteur";"76_11_0007";"AEP";"Alerte renforcée";"{"type":"Polygon","coordinates":[[[2.656594,43.198692],[2.656594,43.198692]]]}";"21/05/2024";"21/05/2024"
"418";"Bassin versant du Fresquel";"76_11_0013";"AEP";"Vigilance";"{"type":"Polygon","coordinates":[[[1.895681,43.396902],[1.895681,43.396902]]]}";"21/05/2024";"21/05/2024"
"420";"Secteur Aude amont (hors axe réalimenté)";"76_11_0001";"AEP";"Vigilance";"{"type":"Polygon","coordinates":[[[2.265262,42.814381],[2.265262,42.814381]]]}";"21/05/2024";"21/05/2024"
"424";"Bassin versant du Fresquel";"76_11_0013";"AEP";"Vigilance";"{"type":"Polygon","coordinates":[[[2.240824,43.216547],[2.240824,43.216547]]]}";"21/05/2024";"21/05/2024"
"425";"Secteur Argent-Double et affluents rive gauche de l?Aude sur ce secteur";"76_11_0006";"AEP";"Vigilance";"{"type":"Polygon","coordinates":[[[2.702952,43.276763],[2.702952,43.276763]]]}";"21/05/2024";"21/05/2024"
"428";"Bassin versant du Fresquel";"76_11_0013";"AEP";"Vigilance";"{"type":"Polygon","coordinates":[[[2.141504,43.241313],[2.141504,43.241313]]]}";"21/05/2024";"21/05/2024"
"429";"Secteur Aude amont (hors axe réalimenté)";"76_11_0001";"AEP";"Vigilance";"{"type":"Polygon","coordinates":[[[2.128724,42.771758],[2.128724,42.771758]]]}";"21/05/2024";"21/05/2024"
"431";"Secteur Orbiel et affluents rive gauche de l?Aude sur ce secteur";"76_11_0009";"AEP";"Vigilance";"{"type":"Polygon","coordinates":[[[2.422098,43.272228],[2.422098,43.272228]]]}";"21/05/2024";"21/05/2024"
"432";"Secteur Argent-Double et affluents rive gauche de l?Aude sur ce secteur";"76_11_0006";"AEP";"Vigilance";"{"type":"Polygon","coordinates":[[[2.504695,43.241579],[2.504695,43.241579]]]}";"21/05/2024";"21/05/2024"
"435";"Bassin versant du Fresquel";"76_11_0013";"AEP";"Vigilance";"{"type":"Polygon","coordinates":[[[1.839848,43.329734],[1.839848,43.329734]]]}";"21/05/2024";"21/05/2024"
"438";"Secteur Aude amont (hors axe réalimenté)";"76_11_0001";"AEP";"Vigilance";"{"type":"Polygon","coordinates":[[[2.379357,43.016701],[2.379357,43.016701]]]}";"21/05/2024";"21/05/2024"
"439";"Secteur Aude amont (hors axe réalimenté)";"76_11_0001";"AEP";"Vigilance";"{"type":"Polygon","coordinates":[[[2.200697,42.950323],[2.200697,42.950323]]]}";"21/05/2024";"21/05/2024"
"442";"Secteur Aude amont (hors axe réalimenté)";"76_11_0001";"AEP";"Vigilance";"{"type":"Polygon","coordinates":[[[2.433648,43.022619],[2.433648,43.022619]]]}";"21/05/2024";"21/05/2024"
"443";"Secteur Aude amont (hors axe réalimenté)";"76_11_0001";"AEP";"Vigilance";"{"type":"Polygon","coordinates":[[[1.979993,42.810591],[1.979993,42.810591]]]}";"21/05/2024";"21/05/2024"
"445";"Secteur Orbiel et affluents rive gauche de l?Aude sur ce secteur";"76_11_0009";"AEP";"Vigilance";"{"type":"Polygon","coordinates":[[[2.292593,43.323],[2.292593,43.323]]]}";"21/05/2024";"21/05/2024"
"447";"Secteur Aude amont (hors axe réalimenté)";"76_11_0001";"AEP";"Vigilance";"{"type":"Polygon","coordinates":[[[2.139298,42.801557],[2.139298,42.801557]]]}";"21/05/2024";"21/05/2024"
"448";"Secteur Aude aval, Berre et Rieu";"76_11_0005";"AEP";"Crise";"{"type":"Polygon","coordinates":[[[2.951651,43.039349],[2.951651,43.039349]]]}";"21/05/2024";"21/05/2024"
"451";"Secteur Aude amont (hors axe réalimenté)";"76_11_0001";"AEP";"Vigilance";"{"type":"Polygon","coordinates":[[[2.073122,43.117445],[2.073122,43.117445]]]}";"21/05/2024";"21/05/2024"
"452";"Secteur Orbieu et affluents rive droite de l?Aude sur ce secteur";"76_11_0007";"AEP";"Alerte renforcée";"{"type":"Polygon","coordinates":[[[2.534691,42.986911],[2.534691,42.986911]]]}";"21/05/2024";"21/05/2024"
"455";"Secteur Aude amont (hors axe réalimenté)";"76_11_0001";"AEP";"Vigilance";"{"type":"Polygon","coordinates":[[[2.075133,43.034104],[2.075133,43.034104]]]}";"21/05/2024";"21/05/2024"
"456";"Bassin versant du Fresquel";"76_11_0013";"AEP";"Vigilance";"{"type":"Polygon","coordinates":[[[1.904047,43.360811],[1.904047,43.360811]]]}";"21/05/2024";"21/05/2024"
"458";"Secteur Aude aval, Berre et Rieu";"76_11_0005";"AEP";"Crise";"{"type":"Polygon","coordinates":[[[2.869399,43.38319],[2.869399,43.38319]]]}";"21/05/2024";"21/05/2024"
"461";"Secteur Aude amont (hors axe réalimenté)";"76_11_0001";"AEP";"Vigilance";"{"type":"Polygon","coordinates":[[[2.108272,43.121789],[2.108272,43.121789]]]}";"21/05/2024";"21/05/2024"
"462";"Secteur Orbieu et affluents rive droite de l?Aude sur ce secteur";"76_11_0007";"AEP";"Alerte renforcée";"{"type":"Polygon","coordinates":[[[2.518992,43.080455],[2.518992,43.080455]]]}";"21/05/2024";"21/05/2024"
"464";"Secteur Aude amont (hors axe réalimenté)";"76_11_0001";"AEP";"Vigilance";"{"type":"Polygon","coordinates":[[[2.230923,42.853845],[2.230923,42.853845]]]}";"21/05/2024";"21/05/2024"
"466";"Bassin versant de l'Hérault amont de la confluence avec la Vis jusqu’à la confluence avec la Lergue";"76_34_0005";"AEP";"Vigilance";"{"type":"Polygon","coordinates":[[[3.618487211,43.614771535],[3.618487211,43.614771535]]]}";"21/05/2024";"21/05/2024"
"467";"Bassin versant de l’Argent double et de l’Ognon";"76_34_0015";"AEP";"Vigilance";"{"type":"Polygon","coordinates":[[[2.74663212,43.268661578],[2.74663212,43.268661578]]]}";"21/05/2024";"21/05/2024"
"468";"Bassin versant de l'Orb de la Source à l’amont de la confluence avec le Jaur hors axe Orb soutenu";"76_34_0008";"AEP";"Alerte";"{"type":"Polygon","coordinates":[[[2.939071102,43.69069501],[2.939071102,43.69069501]]]}";"21/05/2024";"21/05/2024"
"469";"Bassin versant de la Cesse";"76_34_0016";"AEP";"Vigilance";"{"type":"MultiPolygon","coordinates":[[[[2.895004078,43.326151548],[2.895004078,43.326151548]]],[[[2.770086641,43.257365386],[2.770086641,43.257365386]]],[[[2.891077627,43.345385437],[2.891077627,43.345385437]]]]}";"21/05/2024";"21/05/2024"
"471";"Bassin versant du Jaur";"76_34_0010";"AEP";"Vigilance";"{"type":"MultiPolygon","coordinates":[[[[3.072656507,43.542312712],[3.072656507,43.542312712]]],[[[3.043454472,43.463982205],[3.043454472,43.463982205]]],[[[2.791615305,43.444979358],[2.791615305,43.444979358]]]]}";"21/05/2024";"21/05/2024"
"472";"Secteur Aude amont (hors axe réalimenté)";"76_11_0001";"AEP";"Vigilance";"{"type":"Polygon","coordinates":[[[2.116738,42.84123],[2.116738,42.84123]]]}";"21/05/2024";"21/05/2024"
"474";"Secteur Cesse et affluents rive gauche de l?Aude sur ce secteur";"76_11_0010";"AEP";"Vigilance";"{"type":"Polygon","coordinates":[[[2.752443,43.254811],[2.752443,43.254811]]]}";"21/05/2024";"21/05/2024"
"478";"Secteur Aude amont (hors axe réalimenté)";"76_11_0001";"AEP";"Vigilance";"{"type":"Polygon","coordinates":[[[2.184611,42.985117],[2.184611,42.985117]]]}";"21/05/2024";"21/05/2024"
"481";"Secteur Orbieu et affluents rive droite de l?Aude sur ce secteur";"76_11_0007";"AEP";"Alerte renforcée";"{"type":"Polygon","coordinates":[[[2.763692,43.155385],[2.763692,43.155385]]]}";"21/05/2024";"21/05/2024"
"482";"Secteur Argent-Double et affluents rive gauche de l?Aude sur ce secteur";"76_11_0006";"AEP";"Vigilance";"{"type":"Polygon","coordinates":[[[2.567406,43.229417],[2.567406,43.229417]]]}";"21/05/2024";"21/05/2024"
"485";"Secteur Aude amont (hors axe réalimenté)";"76_11_0001";"AEP";"Vigilance";"{"type":"Polygon","coordinates":[[[2.08607,42.973477],[2.08607,42.973477]]]}";"21/05/2024";"21/05/2024"
"487";"Secteur Argent-Double et affluents rive gauche de l?Aude sur ce secteur";"76_11_0006";"AEP";"Vigilance";"{"type":"Polygon","coordinates":[[[2.565774,43.397778],[2.565774,43.397778]]]}";"21/05/2024";"21/05/2024"
"489";"Secteur Orbiel et affluents rive gauche de l?Aude sur ce secteur";"76_11_0009";"AEP";"Vigilance";"{"type":"Polygon","coordinates":[[[2.435586,43.247012],[2.435586,43.247012]]]}";"21/05/2024";"21/05/2024"
"491";"Secteur Aude amont (hors axe réalimenté)";"76_11_0001";"AEP";"Vigilance";"{"type":"Polygon","coordinates":[[[2.173542,42.804272],[2.173542,42.804272]]]}";"21/05/2024";"21/05/2024"
"493";"Secteur Aude amont (hors axe réalimenté)";"76_11_0001";"AEP";"Vigilance";"{"type":"Polygon","coordinates":[[[2.18509,42.764792],[2.18509,42.764792]]]}";"21/05/2024";"21/05/2024"
"496";"Bassin versant de l’Hérault aval de la confluence avec la Lergue jusqu’à l’embouchure";"76_34_0007";"AEP";"Alerte";"{"type":"MultiPolygon","coordinates":[[[[3.267411753,43.421131098],[3.267411753,43.421131098]]],[[[3.431703036,43.289910071],[3.431703036,43.289910071]]],[[[3.443025086,43.282523082],[3.443025086,43.282523082]]],[[[3.443114921,43.282434184],[3.443114921,43.282434184]]],[[[3.443207172,43.282223197],[3.443207172,43.282223197]]],[[[3.443289784,43.28259538],[3.443289784,43.28259538]]],[[[3.443866929,43.282551631],[3.443866929,43.282551631]]],[[[3.444021049,43.280499013],[3.444021049,43.280499013]]],[[[3.444355634,43.281897394],[3.444355634,43.281897394]]],[[[3.444355635,43.281897402],[3.444355635,43.281897402]]],[[[3.444451403,43.281620181],[3.444451403,43.281620181]]],[[[3.44626807,43.282723456],[3.44626807,43.282723456]]],[[[3.448657126,43.282279977],[3.448657126,43.282279977]]],[[[3.450402252,43.282337484],[3.450402252,43.282337484]]],[[[3.495531002,43.279361223],[3.495531002,43.279361223]]],[[[3.496228845,43.278757109],[3.496228845,43.278757109]]],[[[3.496352667,43.278838401],[3.496352667,43.278838401]]],[[[3.498351154,43.279146752],[3.498351154,43.279146752]]],[[[3.49975664,43.277942036],[3.49975664,43.277942036]]],[[[3.499589097,43.279210303],[3.499589097,43.279210303]]],[[[3.500654122,43.280118798],[3.500654122,43.280118798]]],[[[3.501409517,43.282543329],[3.501409517,43.282543329]]],[[[3.501862724,43.282694603],[3.501862724,43.282694603]]],[[[3.501855582,43.282253775],[3.501855582,43.282253775]]],[[[3.501844498,43.280599585],[3.501844498,43.280599585]]],[[[3.50301818,43.276809665],[3.50301818,43.276809665]]],[[[3.504513235,43.281369787],[3.504513235,43.281369787]]],[[[3.503405507,43.281560263],[3.503405507,43.281560263]]],[[[3.503725475,43.276323277],[3.503725475,43.276323277]]],[[[3.504178087,43.275096555],[3.504178087,43.275096555]]],[[[3.504435349,43.274997152],[3.504435349,43.274997152]]],[[[3.504607807,43.274930888],[3.504607807,43.274930888]]],[[[3.505941101,43.280198168],[3.505941101,43.280198168]]],[[[3.506225,43.273543929],[3.506225,43.273543929]]],[[[3.506267867,43.273518239],[3.506267867,43.273518239]]],[[[3.506941213,43.273229916],[3.506941213,43.273229916]]],[[[3.506761119,43.278796393],[3.506761119,43.278796393]]],[[[3.508274514,43.274907648],[3.508274514,43.274907648]]],[[[3.508833493,43.272818023],[3.508833493,43.272818023]]],[[[3.509139562,43.278065559],[3.509139562,43.278065559]]],[[[3.509515664,43.274228027],[3.509515664,43.274228027]]],[[[3.509529683,43.272059019],[3.509529683,43.272059019]]],[[[3.509803794,43.275451994],[3.509803794,43.275451994]]],[[[3.509820224,43.278600293],[3.509820224,43.278600293]]],[[[3.510760371,43.276456678],[3.510760371,43.276456678]]],[[[3.511108366,43.284607849],[3.511108366,43.284607849]]],[[[3.511250059,43.277254078],[3.511250059,43.277254078]]],[[[3.511339097,43.279104073],[3.511339097,43.279104073]]],[[[3.51149934,43.274284501],[3.51149934,43.274284501]]],[[[3.511639177,43.28087031],[3.511639177,43.28087031]]],[[[3.511961856,43.280047473],[3.511961856,43.280047473]]],[[[3.513418204,43.279329903],[3.513418204,43.279329903]]],[[[3.517082699,43.277259698],[3.517082699,43.277259698]]],[[[3.520643372,43.282084912],[3.520643372,43.282084912]]],[[[3.520612718,43.280734801],[3.520612718,43.280734801]]],[[[3.522641583,43.291713333],[3.522641583,43.291713333]]],[[[3.523151804,43.284151713],[3.523151804,43.284151713]]],[[[3.523373628,43.284307167],[3.523373628,43.284307167]]],[[[3.523794792,43.284583095],[3.523794792,43.284583095]]],[[[3.523895794,43.28472204],[3.523895794,43.28472204]]],[[[3.524306076,43.292741589],[3.524306076,43.292741589]]],[[[3.524948231,43.286981167],[3.524948231,43.286981167]]],[[[3.525697725,43.292608709],[3.525697725,43.292608709]]],[[[3.527160309,43.292287813],[3.527160309,43.292287813]]],[[[3.527026469,43.289635604],[3.527026469,43.289635604]]],[[[3.527119179,43.29169519],[3.527119179,43.29169519]]],[[[3.528754241,43.291189466],[3.528754241,43.291189466]]],[[[3.534085731,43.297278806],[3.534085731,43.297278806]]],[[[3.534208772,43.29744856],[3.534208772,43.29744856]]],[[[3.543075405,43.305645256],[3.543075405,43.305645256]]],[[[3.548341632,43.310076161],[3.548341632,43.310076161]]],[[[3.54860027,43.310587619],[3.54860027,43.310587619]]],[[[3.552065735,43.313556642],[3.552065735,43.313556642]]],[[[3.556547256,43.316704756],[3.556547256,43.316704756]]],[[[3.556901002,43.316847771],[3.556901002,43.316847771]]],[[[3.558568166,43.319047424],[3.558568166,43.319047424]]],[[[3.559954796,43.319972511],[3.559954796,43.319972511]]],[[[3.563939073,43.323712154],[3.563939073,43.323712154]]],[[[3.56620935,43.325903426],[3.56620935,43.325903426]]],[[[3.575353312,43.333786109],[3.575353312,43.333786109]]],[[[3.575670093,43.334068375],[3.575670093,43.334068375]]],[[[3.577813042,43.335950098],[3.577813042,43.335950098]]],[[[3.60345964,43.356114131],[3.60345964,43.356114131]]],[[[3.603577142,43.356199927],[3.603577142,43.356199927]]],[[[3.603661001,43.356267302],[3.603661001,43.356267302]]],[[[3.61613473,43.365421867],[3.61613473,43.365421867]]],[[[3.63029822,43.37513112],[3.63029822,43.37513112]]],[[[3.638793958,43.381091874],[3.638793958,43.381091874]]],[[[3.641835667,43.382868689],[3.641835667,43.382868689]]],[[[3.649078894,43.387052983],[3.649078894,43.387052983]]],[[[3.652384678,43.388781147],[3.652384678,43.388781147]]],[[[3.707425254,43.395185694],[3.707425254,43.395185694]]],[[[3.735768606,43.41559942],[3.735768606,43.41559942]]]]}";"21/05/2024";"21/05/2024"
"498";"Bassin versant de l’Aude aval – Berre et Rieu";"76_34_0013";"AEP";"Alerte renforcée";"{"type":"MultiPolygon","coordinates":[[[[3.245190714,43.216711098],[3.245190714,43.216711098]]],[[[2.889927638,43.361288108],[2.889927638,43.361288108]]]]}";"21/05/2024";"21/05/2024"
"500";"Bassin versant de l'Orb aval de la confluence avec le Jaur jusqu’à l’embouchure hors axe Orb soutenu";"76_34_0011";"AEP";"Alerte renforcée";"{"type":"MultiPolygon","coordinates":[[[[3.24563214,43.331227834],[3.24563214,43.331227834]]],[[[3.41246597,43.28802396],[3.41246597,43.28802396]]],[[[3.246247305,43.229436836],[3.246247305,43.229436836]]],[[[3.237720643,43.323191464],[3.237720643,43.323191464]]],[[[2.801449541,43.449466468],[2.801449541,43.449466468]]]]}";"21/05/2024";"21/05/2024"
"501";"Canal du Midi";"76_34_0018";"AEP";"Vigilance";"{"type":"MultiPolygon","coordinates":[[[[2.752056171,43.265765261],[2.752056171,43.265765261]]],[[[2.994456919,43.319301674],[2.994456919,43.319301674]]]]}";"21/05/2024";"21/05/2024"
"502";"Nappe des sables de l'Astien";"76_34_0014";"AEP";"Alerte renforcée";"{"type":"MultiPolygon","coordinates":[[[[3.213686792,43.232775421],[3.213686792,43.232775421]]],[[[3.214339868,43.232254753],[3.214339868,43.232254753]]],[[[3.226136306,43.220436482],[3.226136306,43.220436482]]],[[[3.227116472,43.221457616],[3.227116472,43.221457616]]],[[[3.227583435,43.221824522],[3.227583435,43.221824522]]],[[[3.291799133,43.244836427],[3.291799133,43.244836427]]],[[[3.235877002,43.215539215],[3.235877002,43.215539215]]],[[[3.241258432,43.213103018],[3.241258432,43.213103018]]],[[[3.240941475,43.213174758],[3.240941475,43.213174758]]],[[[3.242923207,43.215212347],[3.242923207,43.215212347]]],[[[3.246547377,43.217604811],[3.246547377,43.217604811]]],[[[3.248498301,43.218772118],[3.248498301,43.218772118]]],[[[3.248585432,43.218712943],[3.248585432,43.218712943]]],[[[3.251713788,43.220878787],[3.251713788,43.220878787]]],[[[3.253436368,43.222208189],[3.253436368,43.222208189]]],[[[3.2593733,43.226144719],[3.2593733,43.226144719]]],[[[3.267240096,43.231254242],[3.267240096,43.231254242]]],[[[3.27102297,43.233576702],[3.27102297,43.233576702]]],[[[3.27167333,43.233981763],[3.27167333,43.233981763]]],[[[3.27268468,43.234573242],[3.27268468,43.234573242]]],[[[3.275572534,43.236280632],[3.275572534,43.236280632]]],[[[3.275588923,43.236288903],[3.275588923,43.236288903]]],[[[3.277334709,43.237328192],[3.277334709,43.237328192]]],[[[3.27892892,43.238385706],[3.27892892,43.238385706]]],[[[3.324925339,43.260411802],[3.324925339,43.260411802]]],[[[3.326382433,43.261035776],[3.326382433,43.261035776]]],[[[3.328699941,43.262162258],[3.328699941,43.262162258]]],[[[3.388589478,43.284538454],[3.388589478,43.284538454]]],[[[3.389289581,43.284710463],[3.389289581,43.284710463]]],[[[3.390975589,43.285124443],[3.390975589,43.285124443]]],[[[3.393219009,43.28568355],[3.393219009,43.28568355]]],[[[3.397181815,43.286590824],[3.397181815,43.286590824]]],[[[3.398824985,43.286974787],[3.398824985,43.286974787]]],[[[3.400410423,43.287299535],[3.400410423,43.287299535]]],[[[3.400803548,43.287411103],[3.400803548,43.287411103]]],[[[3.405220567,43.28817886],[3.405220567,43.28817886]]],[[[3.407600831,43.287528765],[3.407600831,43.287528765]]],[[[3.407829509,43.28763087],[3.407829509,43.28763087]]],[[[3.408178087,43.288532294],[3.408178087,43.288532294]]],[[[3.411256615,43.28783696],[3.411256615,43.28783696]]],[[[3.500012696,43.277369625],[3.500012696,43.277369625]]],[[[3.500723903,43.280157696],[3.500723903,43.280157696]]],[[[3.501329806,43.263594802],[3.501329806,43.263594802]]],[[[3.510592505,43.279051829],[3.510592505,43.279051829]]],[[[3.523214476,43.292826041],[3.523214476,43.292826041]]]]}";"21/05/2024";"21/05/2024"
"506";"Secteur Aude amont (hors axe réalimenté)";"76_11_0001";"AEP";"Vigilance";"{"type":"Polygon","coordinates":[[[2.305491,42.912818],[2.305491,42.912818]]]}";"21/05/2024";"21/05/2024"
"508";"Secteur Orbiel et affluents rive gauche de l?Aude sur ce secteur";"76_11_0009";"AEP";"Vigilance";"{"type":"Polygon","coordinates":[[[2.394711,43.30141],[2.394711,43.30141]]]}";"21/05/2024";"21/05/2024"
"509";"Secteur Aude amont (hors axe réalimenté)";"76_11_0001";"AEP";"Vigilance";"{"type":"Polygon","coordinates":[[[2.223981,42.742399],[2.223981,42.742399]]]}";"21/05/2024";"21/05/2024"
"514";"Secteur Aude amont (hors axe réalimenté)";"76_11_0001";"AEP";"Vigilance";"{"type":"Polygon","coordinates":[[[2.303144,43.122231],[2.303144,43.122231]]]}";"21/05/2024";"21/05/2024"
"515";"Secteur Orbieu et affluents rive droite de l?Aude sur ce secteur";"76_11_0007";"AEP";"Alerte renforcée";"{"type":"Polygon","coordinates":[[[2.466144,43.030859],[2.466144,43.030859]]]}";"21/05/2024";"21/05/2024"
"518";"Secteur Aude amont (hors axe réalimenté)";"76_11_0001";"AEP";"Vigilance";"{"type":"Polygon","coordinates":[[[2.2522,43.023097],[2.2522,43.023097]]]}";"21/05/2024";"21/05/2024"
"521";"Secteur Aude aval, Berre et Rieu";"76_11_0005";"AEP";"Crise";"{"type":"Polygon","coordinates":[[[3.029083,43.237716],[3.029083,43.237716]]]}";"21/05/2024";"21/05/2024"
"522";"Molasses miocènes du bassin de Castries";"76_34_0017";"AEP";"Vigilance";"{"type":"Polygon","coordinates":[[[3.97922873,43.667374603],[3.97922873,43.667374603]]]}";"21/05/2024";"21/05/2024"
"523";"Secteur Aude amont (hors axe réalimenté)";"76_11_0001";"AEP";"Vigilance";"{"type":"Polygon","coordinates":[[[2.270403,42.950727],[2.270403,42.950727]]]}";"21/05/2024";"21/05/2024"
"525";"Aude amont";"76_66_3";"AEP";"Crise";"{"type":"Polygon","coordinates":[[[1.990871938,42.646588586],[1.990871938,42.646588586]]]}";"21/05/2024";"21/05/2024"
"526";"Sègre - Carol";"76_66_4";"AEP";"Alerte";"{"type":"Polygon","coordinates":[[[1.894531471,42.598562937],[1.894531471,42.598562937]]]}";"21/05/2024";"21/05/2024"
"527";"Têt amont";"76_66_6";"AEP";"Crise";"{"type":"Polygon","coordinates":[[[2.467538933,42.678288493],[2.467538933,42.678288493]]]}";"21/05/2024";"21/05/2024"
"528";"Agly amont, Boulzane et Verdou";"76_66_1";"AEP";"Crise";"{"type":"Polygon","coordinates":[[[2.553735808,42.75887728],[2.553735808,42.75887728]]]}";"21/05/2024";"21/05/2024"
"530";"Agly aval";"76_66_2";"AEP";"Crise";"{"type":"Polygon","coordinates":[[[2.837922575,42.736079007],[2.837922575,42.736079007]]]}";"21/05/2024";"21/05/2024"
"531";"Tech - Albères";"76_66_5";"AEP";"Alerte renforcée";"{"type":"Polygon","coordinates":[[[2.644875443,42.532171615],[2.644875443,42.532171615]]]}";"21/05/2024";"21/05/2024"
"532";"Têt aval";"76_66_7";"AEP";"Crise";"{"type":"Polygon","coordinates":[[[3.005767109,42.644896667],[3.005767109,42.644896667]]]}";"21/05/2024";"21/05/2024"
"533";"Nappes côte nord";"76_66_1";"AEP";"Crise";"{"type":"Polygon","coordinates":[[[2.940022948,42.792525492],[2.940022948,42.792525492]]]}";"21/05/2024";"21/05/2024"
"535";"Nappes côte sud";"76_66_2";"AEP";"Crise";"{"type":"Polygon","coordinates":[[[2.911839352,42.602191791],[2.911839352,42.602191791]]]}";"21/05/2024";"21/05/2024"
"537";"Nappes Agly-Salanque";"76_66_3";"AEP";"Crise";"{"type":"Polygon","coordinates":[[[2.803016376,42.885539113],[2.803016376,42.885539113]]]}";"21/05/2024";"21/05/2024"
"539";"Nappes Aspres-Réart";"76_66_4";"AEP";"Crise";"{"type":"MultiPolygon","coordinates":[[[[2.738965378,42.521846597],[2.738965378,42.521846597]]],[[[2.815180856,42.548158753],[2.815180856,42.548158753]]]]}";"21/05/2024";"21/05/2024"
"543";"Secteur Aude amont (hors axe réalimenté)";"76_11_0001";"AEP";"Vigilance";"{"type":"Polygon","coordinates":[[[2.044437,43.131865],[2.044437,43.131865]]]}";"21/05/2024";"21/05/2024"
"546";"Secteur Aude aval, Berre et Rieu";"76_11_0005";"AEP";"Crise";"{"type":"Polygon","coordinates":[[[3.01229,43.280406],[3.01229,43.280406]]]}";"21/05/2024";"21/05/2024"
"548";"Secteur Orbieu et affluents rive droite de l?Aude sur ce secteur";"76_11_0007";"AEP";"Alerte renforcée";"{"type":"Polygon","coordinates":[[[2.616058,43.146191],[2.616058,43.146191]]]}";"21/05/2024";"21/05/2024"
"550";"Secteur Aude amont (hors axe réalimenté)";"76_11_0001";"AEP";"Vigilance";"{"type":"Polygon","coordinates":[[[2.138114,43.08433],[2.138114,43.08433]]]}";"21/05/2024";"21/05/2024"
"552";"Secteur Orbieu et affluents rive droite de l?Aude sur ce secteur";"76_11_0007";"AEP";"Alerte renforcée";"{"type":"Polygon","coordinates":[[[2.637392,42.968523],[2.637392,42.968523]]]}";"21/05/2024";"21/05/2024"
"554";"Secteur Aude amont (hors axe réalimenté)";"76_11_0001";"AEP";"Vigilance";"{"type":"Polygon","coordinates":[[[2.196176,42.923759],[2.196176,42.923759]]]}";"21/05/2024";"21/05/2024"
"556";"Secteur Orbieu et affluents rive droite de l?Aude sur ce secteur";"76_11_0007";"AEP";"Alerte renforcée";"{"type":"Polygon","coordinates":[[[2.666127,43.153794],[2.666127,43.153794]]]}";"21/05/2024";"21/05/2024"
"558";"Secteur Aude amont (hors axe réalimenté)";"76_11_0001";"AEP";"Vigilance";"{"type":"Polygon","coordinates":[[[2.008042,42.811542],[2.008042,42.811542]]]}";"21/05/2024";"21/05/2024"
"560";"Bassin versant du Fresquel";"76_11_0013";"AEP";"Vigilance";"{"type":"Polygon","coordinates":[[[1.977154,43.280532],[1.977154,43.280532]]]}";"21/05/2024";"21/05/2024"
"562";"Secteur Orbieu et affluents rive droite de l?Aude sur ce secteur";"76_11_0007";"AEP";"Alerte renforcée";"{"type":"Polygon","coordinates":[[[2.717651,43.165108],[2.717651,43.165108]]]}";"21/05/2024";"21/05/2024"
"564";"Secteur Aude amont (hors axe réalimenté)";"76_11_0001";"AEP";"Vigilance";"{"type":"Polygon","coordinates":[[[2.08292,42.942871],[2.08292,42.942871]]]}";"21/05/2024";"21/05/2024"
"566";"Secteur Aude amont (hors axe réalimenté)";"76_11_0001";"AEP";"Vigilance";"{"type":"Polygon","coordinates":[[[2.059196,43.156423],[2.059196,43.156423]]]}";"21/05/2024";"21/05/2024"
"568";"Secteur Aude amont (hors axe réalimenté)";"76_11_0001";"AEP";"Vigilance";"{"type":"Polygon","coordinates":[[[2.048963,43.166769],[2.048963,43.166769]]]}";"21/05/2024";"21/05/2024"
"570";"Secteur Aude aval, Berre et Rieu";"76_11_0005";"AEP";"Crise";"{"type":"Polygon","coordinates":[[[2.917362,42.884986],[2.917362,42.884986]]]}";"21/05/2024";"21/05/2024"
"572";"Bassin versant du Fresquel";"76_11_0013";"AEP";"Vigilance";"{"type":"Polygon","coordinates":[[[2.265639,43.351602],[2.265639,43.351602]]]}";"21/05/2024";"21/05/2024"
"574";"Secteur Aude amont (hors axe réalimenté)";"76_11_0001";"AEP";"Vigilance";"{"type":"Polygon","coordinates":[[[2.158636,43.085014],[2.158636,43.085014]]]}";"21/05/2024";"21/05/2024"
"576";"Bassin versant du Fresquel";"76_11_0013";"AEP";"Vigilance";"{"type":"Polygon","coordinates":[[[2.103909,43.186224],[2.103909,43.186224]]]}";"21/05/2024";"21/05/2024"
"579";"Secteur Orbiel et affluents rive gauche de l?Aude sur ce secteur";"76_11_0009";"AEP";"Vigilance";"{"type":"Polygon","coordinates":[[[2.433352,43.35132],[2.433352,43.35132]]]}";"21/05/2024";"21/05/2024"
"581";"Secteur Aude amont (hors axe réalimenté)";"76_11_0001";"AEP";"Vigilance";"{"type":"Polygon","coordinates":[[[2.132695,42.867465],[2.132695,42.867465]]]}";"21/05/2024";"21/05/2024"
"583";"Bassin versant de l'Agly";"76_11_0002";"AEP";"Crise";"{"type":"Polygon","coordinates":[[[2.46581,42.890643],[2.46581,42.890643]]]}";"21/05/2024";"21/05/2024"
"586";"Bassin versant de l'Agly";"76_11_0002";"AEP";"Crise";"{"type":"Polygon","coordinates":[[[2.350539,42.757384],[2.350539,42.757384]]]}";"21/05/2024";"21/05/2024"
"589";"Secteur Aude amont (hors axe réalimenté)";"76_11_0001";"AEP";"Vigilance";"{"type":"Polygon","coordinates":[[[2.261227,42.87832],[2.261227,42.87832]]]}";"21/05/2024";"21/05/2024"
"591";"Secteur Aude aval, Berre et Rieu";"76_11_0005";"AEP";"Crise";"{"type":"Polygon","coordinates":[[[2.910738,43.265282],[2.910738,43.265282]]]}";"21/05/2024";"21/05/2024"
"593";"Secteur Aude amont (hors axe réalimenté)";"76_11_0001";"AEP";"Vigilance";"{"type":"Polygon","coordinates":[[[2.414933,43.084265],[2.414933,43.084265]]]}";"21/05/2024";"21/05/2024"
"595";"Secteur Aude amont (hors axe réalimenté)";"76_11_0001";"AEP";"Vigilance";"{"type":"Polygon","coordinates":[[[2.086181,43.131347],[2.086181,43.131347]]]}";"21/05/2024";"21/05/2024"
"596";"Secteur Aude amont (hors axe réalimenté)";"76_11_0001";"AEP";"Vigilance";"{"type":"Polygon","coordinates":[[[2.298028,42.898975],[2.298028,42.898975]]]}";"21/05/2024";"21/05/2024"
"598";"Secteur Aude amont (hors axe réalimenté)";"76_11_0001";"AEP";"Vigilance";"{"type":"Polygon","coordinates":[[[1.995038,43.149209],[1.995038,43.149209]]]}";"21/05/2024";"21/05/2024"
"600";"Secteur Aude aval, Berre et Rieu";"76_11_0005";"AEP";"Crise";"{"type":"Polygon","coordinates":[[[3.085101,43.056885],[3.085101,43.056885]]]}";"21/05/2024";"21/05/2024"
"602";"Bassin versant du Fresquel";"76_11_0013";"AEP";"Vigilance";"{"type":"Polygon","coordinates":[[[1.839848,43.329734],[1.839848,43.329734]]]}";"21/05/2024";"21/05/2024"
"604";"Secteur Orbiel et affluents rive gauche de l?Aude sur ce secteur";"76_11_0009";"AEP";"Vigilance";"{"type":"Polygon","coordinates":[[[2.352694,43.358054],[2.352694,43.358054]]]}";"21/05/2024";"21/05/2024"
"606";"Secteur Orbieu et affluents rive droite de l?Aude sur ce secteur";"76_11_0007";"AEP";"Alerte renforcée";"{"type":"Polygon","coordinates":[[[2.751279,43.02226],[2.751279,43.02226]]]}";"21/05/2024";"21/05/2024"
"608";"Secteur Aude amont (hors axe réalimenté)";"76_11_0001";"AEP";"Vigilance";"{"type":"Polygon","coordinates":[[[2.352206,43.122491],[2.352206,43.122491]]]}";"21/05/2024";"21/05/2024"
"610";"Bassin versant du Fresquel";"76_11_0013";"AEP";"Vigilance";"{"type":"Polygon","coordinates":[[[2.037169,43.373614],[2.037169,43.373614]]]}";"21/05/2024";"21/05/2024"
"612";"Bassin versant du Fresquel";"76_11_0013";"AEP";"Vigilance";"{"type":"Polygon","coordinates":[[[2.238699,43.43926],[2.238699,43.43926]]]}";"21/05/2024";"21/05/2024"
"614";"Secteur Aude aval, Berre et Rieu";"76_11_0005";"AEP";"Crise";"{"type":"Polygon","coordinates":[[[2.990203,42.939884],[2.990203,42.939884]]]}";"21/05/2024";"21/05/2024"
"616";"Secteur Aude amont (hors axe réalimenté)";"76_11_0001";"AEP";"Vigilance";"{"type":"Polygon","coordinates":[[[2.087872,42.811074],[2.087872,42.811074]]]}";"21/05/2024";"21/05/2024"
"618";"Secteur Argent-Double et affluents rive gauche de l?Aude sur ce secteur";"76_11_0006";"AEP";"Vigilance";"{"type":"Polygon","coordinates":[[[2.648274,43.221095],[2.648274,43.221095]]]}";"21/05/2024";"21/05/2024"
"620";"Bassin versant du Fresquel";"76_11_0013";"AEP";"Vigilance";"{"type":"Polygon","coordinates":[[[2.038601,43.310212],[2.038601,43.310212]]]}";"21/05/2024";"21/05/2024"
"624";"Secteur Aude amont (hors axe réalimenté)";"76_11_0001";"AEP";"Vigilance";"{"type":"Polygon","coordinates":[[[2.192269,43.105202],[2.192269,43.105202]]]}";"21/05/2024";"21/05/2024"
"626";"Bassin versant du Fresquel";"76_11_0013";"AEP";"Vigilance";"{"type":"Polygon","coordinates":[[[2.099681,43.173065],[2.099681,43.173065]]]}";"21/05/2024";"21/05/2024"
"628";"Secteur Orbieu et affluents rive droite de l?Aude sur ce secteur";"76_11_0007";"AEP";"Alerte renforcée";"{"type":"Polygon","coordinates":[[[2.527267,42.939216],[2.527267,42.939216]]]}";"21/05/2024";"21/05/2024"
"630";"Bassin versant du Fresquel";"76_11_0013";"AEP";"Vigilance";"{"type":"Polygon","coordinates":[[[1.988297,43.21461],[1.988297,43.21461]]]}";"21/05/2024";"21/05/2024"
"632";"Secteur Aude amont (hors axe réalimenté)";"76_11_0001";"AEP";"Vigilance";"{"type":"Polygon","coordinates":[[[2.266896,43.20805],[2.266896,43.20805]]]}";"21/05/2024";"21/05/2024"
"634";"Secteur Aude amont (hors axe réalimenté)";"76_11_0001";"AEP";"Vigilance";"{"type":"Polygon","coordinates":[[[2.363376,43.126911],[2.363376,43.126911]]]}";"21/05/2024";"21/05/2024"
"636";"Secteur Argent-Double et affluents rive gauche de l?Aude sur ce secteur";"76_11_0006";"AEP";"Vigilance";"{"type":"Polygon","coordinates":[[[2.565739,43.422731],[2.565739,43.422731]]]}";"21/05/2024";"21/05/2024"
"638";"Secteur Orbieu et affluents rive droite de l?Aude sur ce secteur";"76_11_0007";"AEP";"Alerte renforcée";"{"type":"Polygon","coordinates":[[[2.774104,43.158289],[2.774104,43.158289]]]}";"21/05/2024";"21/05/2024"
"640";"Secteur Orbiel et affluents rive gauche de l?Aude sur ce secteur";"76_11_0009";"AEP";"Vigilance";"{"type":"Polygon","coordinates":[[[2.385541,43.333372],[2.385541,43.333372]]]}";"21/05/2024";"21/05/2024"
"642";"Secteur Aude amont (hors axe réalimenté)";"76_11_0001";"AEP";"Vigilance";"{"type":"Polygon","coordinates":[[[1.979924,43.08814],[1.979924,43.08814]]]}";"21/05/2024";"21/05/2024"
"644";"Secteur Aude amont (hors axe réalimenté)";"76_11_0001";"AEP";"Vigilance";"{"type":"Polygon","coordinates":[[[2.274179,42.951271],[2.274179,42.951271]]]}";"21/05/2024";"21/05/2024"
"646";"Secteur Aude amont (hors axe réalimenté)";"76_11_0001";"AEP";"Vigilance";"{"type":"Polygon","coordinates":[[[2.100029,43.068967],[2.100029,43.068967]]]}";"21/05/2024";"21/05/2024"
"649";"Secteur Orbiel et affluents rive gauche de l?Aude sur ce secteur";"76_11_0009";"AEP";"Vigilance";"{"type":"Polygon","coordinates":[[[2.326111,43.397097],[2.326111,43.397097]]]}";"21/05/2024";"21/05/2024"
"650";"Secteur Aude amont (hors axe réalimenté)";"76_11_0001";"AEP";"Vigilance";"{"type":"Polygon","coordinates":[[[2.230242,43.015703],[2.230242,43.015703]]]}";"21/05/2024";"21/05/2024"
"652";"Secteur Aude amont (hors axe réalimenté)";"76_11_0001";"AEP";"Vigilance";"{"type":"Polygon","coordinates":[[[2.185136,42.8218],[2.185136,42.8218]]]}";"21/05/2024";"21/05/2024"
"654";"Secteur Cesse et affluents rive gauche de l?Aude sur ce secteur";"76_11_0010";"AEP";"Vigilance";"{"type":"Polygon","coordinates":[[[2.809316,43.304288],[2.809316,43.304288]]]}";"21/05/2024";"21/05/2024"
"657";"Secteur Cesse et affluents rive gauche de l?Aude sur ce secteur";"76_11_0010";"AEP";"Vigilance";"{"type":"Polygon","coordinates":[[[2.772285,43.257735],[2.772285,43.257735]]]}";"21/05/2024";"21/05/2024"
"658";"Secteur Orbieu et affluents rive droite de l?Aude sur ce secteur";"76_11_0007";"AEP";"Alerte renforcée";"{"type":"Polygon","coordinates":[[[2.909959,43.238016],[2.909959,43.238016]]]}";"21/05/2024";"21/05/2024"
"660";"Secteur Cesse et affluents rive gauche de l?Aude sur ce secteur";"76_11_0010";"AEP";"Vigilance";"{"type":"Polygon","coordinates":[[[2.910738,43.265282],[2.910738,43.265282]]]}";"21/05/2024";"21/05/2024"
"664";"Secteur Orbiel et affluents rive gauche de l?Aude sur ce secteur";"76_11_0009";"AEP";"Vigilance";"{"type":"Polygon","coordinates":[[[2.282069,43.441054],[2.282069,43.441054]]]}";"21/05/2024";"21/05/2024"
"667";"Secteur Orbiel et affluents rive gauche de l?Aude sur ce secteur";"76_11_0009";"AEP";"Vigilance";"{"type":"Polygon","coordinates":[[[2.462914,43.239841],[2.462914,43.239841]]]}";"21/05/2024";"21/05/2024"
"668";"Secteur Orbieu et affluents rive droite de l?Aude sur ce secteur";"76_11_0007";"AEP";"Alerte renforcée";"{"type":"Polygon","coordinates":[[[2.671121,43.06692],[2.671121,43.06692]]]}";"21/05/2024";"21/05/2024"
"670";"Secteur Orbiel et affluents rive gauche de l?Aude sur ce secteur";"76_11_0009";"AEP";"Vigilance";"{"type":"Polygon","coordinates":[[[2.382844,43.369741],[2.382844,43.369741]]]}";"21/05/2024";"21/05/2024"
"672";"Secteur Aude amont (hors axe réalimenté)";"76_11_0001";"AEP";"Vigilance";"{"type":"Polygon","coordinates":[[[2.045003,42.773837],[2.045003,42.773837]]]}";"21/05/2024";"21/05/2024"
"674";"Secteur Aude amont (hors axe réalimenté)";"76_11_0001";"AEP";"Vigilance";"{"type":"Polygon","coordinates":[[[2.411195,43.146144],[2.411195,43.146144]]]}";"21/05/2024";"21/05/2024"
"676";"Bassin versant du Fresquel";"76_11_0013";"AEP";"Vigilance";"{"type":"Polygon","coordinates":[[[1.84007,43.321971],[1.84007,43.321971]]]}";"21/05/2024";"21/05/2024"
"678";"Secteur Aude amont (hors axe réalimenté)";"76_11_0001";"AEP";"Vigilance";"{"type":"Polygon","coordinates":[[[1.929817,42.755318],[1.929817,42.755318]]]}";"21/05/2024";"21/05/2024"
"680";"Secteur Aude amont (hors axe réalimenté)";"76_11_0001";"AEP";"Vigilance";"{"type":"Polygon","coordinates":[[[2.086649,43.139676],[2.086649,43.139676]]]}";"21/05/2024";"21/05/2024"
"682";"Secteur Orbieu et affluents rive droite de l?Aude sur ce secteur";"76_11_0007";"AEP";"Alerte renforcée";"{"type":"Polygon","coordinates":[[[2.666486,43.218564],[2.666486,43.218564]]]}";"21/05/2024";"21/05/2024"
"683";"Secteur Aude amont (hors axe réalimenté)";"76_11_0001";"AEP";"Vigilance";"{"type":"Polygon","coordinates":[[[2.370867,42.84631],[2.370867,42.84631]]]}";"21/05/2024";"21/05/2024"
"686";"Secteur Orbiel et affluents rive gauche de l?Aude sur ce secteur";"76_11_0009";"AEP";"Vigilance";"{"type":"Polygon","coordinates":[[[2.360707,43.363361],[2.360707,43.363361]]]}";"21/05/2024";"21/05/2024"
"688";"Secteur Aude amont (hors axe réalimenté)";"76_11_0001";"AEP";"Vigilance";"{"type":"Polygon","coordinates":[[[2.25209,43.120861],[2.25209,43.120861]]]}";"21/05/2024";"21/05/2024"
"690";"Secteur Aude amont (hors axe réalimenté)";"76_11_0001";"AEP";"Vigilance";"{"type":"Polygon","coordinates":[[[2.242615,42.960584],[2.242615,42.960584]]]}";"21/05/2024";"21/05/2024"
"692";"Bassin versant du Fresquel";"76_11_0013";"AEP";"Vigilance";"{"type":"Polygon","coordinates":[[[1.930001,43.254797],[1.930001,43.254797]]]}";"21/05/2024";"21/05/2024"
"694";"Secteur Aude amont (hors axe réalimenté)";"76_11_0001";"AEP";"Vigilance";"{"type":"Polygon","coordinates":[[[2.044528,43.064613],[2.044528,43.064613]]]}";"21/05/2024";"21/05/2024"
"696";"Bassin versant du Fresquel";"76_11_0013";"AEP";"Vigilance";"{"type":"Polygon","coordinates":[[[1.82761,43.337442],[1.82761,43.337442]]]}";"21/05/2024";"21/05/2024"
"698";"Secteur Orbieu et affluents rive droite de l?Aude sur ce secteur";"76_11_0007";"AEP";"Alerte renforcée";"{"type":"Polygon","coordinates":[[[2.554096,43.162928],[2.554096,43.162928]]]}";"21/05/2024";"21/05/2024"
"700";"Bassin versant de l'Agly";"76_11_0002";"AEP";"Crise";"{"type":"Polygon","coordinates":[[[2.264714,42.709255],[2.264714,42.709255]]]}";"21/05/2024";"21/05/2024"
"702";"Secteur Orbieu et affluents rive droite de l?Aude sur ce secteur";"76_11_0007";"AEP";"Alerte renforcée";"{"type":"Polygon","coordinates":[[[2.410521,43.146321],[2.410521,43.146321]]]}";"21/05/2024";"21/05/2024"
"703";"Bassin versant de l'Agly";"76_11_0002";"AEP";"Crise";"{"type":"Polygon","coordinates":[[[2.59368,42.898136],[2.59368,42.898136]]]}";"21/05/2024";"21/05/2024"
"706";"Secteur Aude amont (hors axe réalimenté)";"76_11_0001";"AEP";"Vigilance";"{"type":"Polygon","coordinates":[[[2.192556,43.095667],[2.192556,43.095667]]]}";"21/05/2024";"21/05/2024"
"707";"Secteur Orbieu et affluents rive droite de l?Aude sur ce secteur";"76_11_0007";"AEP";"Alerte renforcée";"{"type":"Polygon","coordinates":[[[2.4848,43.133793],[2.4848,43.133793]]]}";"21/05/2024";"21/05/2024"
"709";"Bassin versant du Fresquel";"76_11_0013";"AEP";"Vigilance";"{"type":"Polygon","coordinates":[[[2.200747,43.343526],[2.200747,43.343526]]]}";"21/05/2024";"21/05/2024"
"712";"Bassin versant du Fresquel";"76_11_0013";"AEP";"Vigilance";"{"type":"Polygon","coordinates":[[[1.826188,43.394848],[1.826188,43.394848]]]}";"21/05/2024";"21/05/2024"
"715";"Secteur Aude aval, Berre et Rieu";"76_11_0005";"AEP";"Crise";"{"type":"Polygon","coordinates":[[[2.951201,43.246591],[2.951201,43.246591]]]}";"21/05/2024";"21/05/2024"
"717";"Secteur Aude aval, Berre et Rieu";"76_11_0005";"AEP";"Crise";"{"type":"Polygon","coordinates":[[[2.901634,43.157516],[2.901634,43.157516]]]}";"21/05/2024";"21/05/2024"
"719";"Bassin versant du Fresquel";"76_11_0013";"AEP";"Vigilance";"{"type":"Polygon","coordinates":[[[2.207602,43.261216],[2.207602,43.261216]]]}";"21/05/2024";"21/05/2024"
"721";"Secteur Orbieu et affluents rive droite de l?Aude sur ce secteur";"76_11_0007";"AEP";"Alerte renforcée";"{"type":"Polygon","coordinates":[[[2.666342,43.153924],[2.666342,43.153924]]]}";"21/05/2024";"21/05/2024"
"723";"Secteur Aude amont (hors axe réalimenté)";"76_11_0001";"AEP";"Vigilance";"{"type":"Polygon","coordinates":[[[2.130387,42.873978],[2.130387,42.873978]]]}";"21/05/2024";"21/05/2024"
"725";"Secteur Aude aval, Berre et Rieu";"76_11_0005";"AEP";"Crise";"{"type":"Polygon","coordinates":[[[2.918553,43.208266],[2.918553,43.208266]]]}";"21/05/2024";"21/05/2024"
"727";"Secteur Aude aval, Berre et Rieu";"76_11_0005";"AEP";"Crise";"{"type":"Polygon","coordinates":[[[3.020173,43.064171],[3.020173,43.064171]]]}";"21/05/2024";"21/05/2024"
"729";"Secteur Aude aval, Berre et Rieu";"76_11_0005";"AEP";"Crise";"{"type":"Polygon","coordinates":[[[2.945949,43.31188],[2.945949,43.31188]]]}";"21/05/2024";"21/05/2024"
"731";"Secteur Orbieu et affluents rive droite de l?Aude sur ce secteur";"76_11_0007";"AEP";"Alerte renforcée";"{"type":"Polygon","coordinates":[[[2.847753,43.197702],[2.847753,43.197702]]]}";"21/05/2024";"21/05/2024"
"733";"Secteur Aude amont (hors axe réalimenté)";"76_11_0001";"AEP";"Vigilance";"{"type":"Polygon","coordinates":[[[2.125227,43.069711],[2.125227,43.069711]]]}";"21/05/2024";"21/05/2024"
"735";"Secteur Orbieu et affluents rive droite de l?Aude sur ce secteur";"76_11_0007";"AEP";"Alerte renforcée";"{"type":"Polygon","coordinates":[[[2.420599,43.173125],[2.420599,43.173125]]]}";"21/05/2024";"21/05/2024"
"737";"Secteur Cesse et affluents rive gauche de l?Aude sur ce secteur";"76_11_0010";"AEP";"Vigilance";"{"type":"Polygon","coordinates":[[[2.779771,43.265026],[2.779771,43.265026]]]}";"21/05/2024";"21/05/2024"
"739";"Bassin versant de l'Agly";"76_11_0002";"AEP";"Crise";"{"type":"Polygon","coordinates":[[[2.754281,42.851741],[2.754281,42.851741]]]}";"21/05/2024";"21/05/2024"
"742";"Bassin versant du Fresquel";"76_11_0013";"AEP";"Vigilance";"{"type":"Polygon","coordinates":[[[2.275504,43.244345],[2.275504,43.244345]]]}";"21/05/2024";"21/05/2024"
"744";"Bassin versant du Fresquel";"76_11_0013";"AEP";"Vigilance";"{"type":"Polygon","coordinates":[[[2.01314,43.257809],[2.01314,43.257809]]]}";"21/05/2024";"21/05/2024"
"746";"Secteur Aude amont (hors axe réalimenté)";"76_11_0001";"AEP";"Vigilance";"{"type":"Polygon","coordinates":[[[2.106379,43.117768],[2.106379,43.117768]]]}";"21/05/2024";"21/05/2024"
"747";"Secteur Argent-Double et affluents rive gauche de l?Aude sur ce secteur";"76_11_0006";"AEP";"Vigilance";"{"type":"MultiPolygon","coordinates":[[[[2.589462,43.303947],[2.589462,43.303947]]],[[[2.599754,43.313956],[2.599754,43.313956]]]]}";"21/05/2024";"21/05/2024"
"749";"Secteur Argent-Double et affluents rive gauche de l?Aude sur ce secteur";"76_11_0006";"AEP";"Vigilance";"{"type":"Polygon","coordinates":[[[2.699396,43.308254],[2.699396,43.308254]]]}";"21/05/2024";"21/05/2024"
"751";"Secteur Aude aval, Berre et Rieu";"76_11_0005";"AEP";"Crise";"{"type":"Polygon","coordinates":[[[2.936229,43.113485],[2.936229,43.113485]]]}";"21/05/2024";"21/05/2024"
"754";"Secteur Aude amont (hors axe réalimenté)";"76_11_0001";"AEP";"Vigilance";"{"type":"Polygon","coordinates":[[[2.28036,43.066499],[2.28036,43.066499]]]}";"21/05/2024";"21/05/2024"
"756";"Secteur Argent-Double et affluents rive gauche de l?Aude sur ce secteur";"76_11_0006";"AEP";"Vigilance";"{"type":"Polygon","coordinates":[[[2.487445,43.204474],[2.487445,43.204474]]]}";"21/05/2024";"21/05/2024"
"758";"Bassin versant du Fresquel";"76_11_0013";"AEP";"Vigilance";"{"type":"Polygon","coordinates":[[[2.275504,43.244345],[2.275504,43.244345]]]}";"21/05/2024";"21/05/2024"
"760";"Secteur Aude amont (hors axe réalimenté)";"76_11_0001";"AEP";"Vigilance";"{"type":"Polygon","coordinates":[[[2.315456,42.969624],[2.315456,42.969624]]]}";"21/05/2024";"21/05/2024"
"762";"Secteur Aude amont (hors axe réalimenté)";"76_11_0001";"AEP";"Vigilance";"{"type":"Polygon","coordinates":[[[2.072622,43.075205],[2.072622,43.075205]]]}";"21/05/2024";"21/05/2024"
"764";"Secteur Aude amont (hors axe réalimenté)";"76_11_0001";"AEP";"Vigilance";"{"type":"Polygon","coordinates":[[[2.311766,43.115752],[2.311766,43.115752]]]}";"21/05/2024";"21/05/2024"
"767";"Bassin versant du Fresquel";"76_11_0013";"AEP";"Vigilance";"{"type":"Polygon","coordinates":[[[1.96823,43.394754],[1.96823,43.394754]]]}";"21/05/2024";"21/05/2024"
"769";"Bassin versant de l'Agly";"76_11_0002";"AEP";"Crise";"{"type":"Polygon","coordinates":[[[2.608923,42.884194],[2.608923,42.884194]]]}";"21/05/2024";"21/05/2024"
"771";"Secteur Aude amont (hors axe réalimenté)";"76_11_0001";"AEP";"Vigilance";"{"type":"Polygon","coordinates":[[[2.116382,42.924855],[2.116382,42.924855]]]}";"21/05/2024";"21/05/2024"
"772";"Secteur Aude aval, Berre et Rieu";"76_11_0005";"AEP";"Crise";"{"type":"Polygon","coordinates":[[[2.858906,43.053784],[2.858906,43.053784]]]}";"21/05/2024";"21/05/2024"
"774";"Secteur Aude amont (hors axe réalimenté)";"76_11_0001";"AEP";"Vigilance";"{"type":"Polygon","coordinates":[[[2.274219,43.155972],[2.274219,43.155972]]]}";"21/05/2024";"21/05/2024"
"776";"Secteur Cesse et affluents rive gauche de l?Aude sur ce secteur";"76_11_0010";"AEP";"Vigilance";"{"type":"Polygon","coordinates":[[[2.786973,43.274431],[2.786973,43.274431]]]}";"21/05/2024";"21/05/2024"
"778";"Secteur Orbiel et affluents rive gauche de l?Aude sur ce secteur";"76_11_0009";"AEP";"Vigilance";"{"type":"Polygon","coordinates":[[[2.443675,43.379618],[2.443675,43.379618]]]}";"21/05/2024";"21/05/2024"
"780";"Bassin versant du Fresquel";"76_11_0013";"AEP";"Vigilance";"{"type":"Polygon","coordinates":[[[1.947682,43.372635],[1.947682,43.372635]]]}";"21/05/2024";"21/05/2024"
"782";"Secteur Argent-Double et affluents rive gauche de l?Aude sur ce secteur";"76_11_0006";"AEP";"Vigilance";"{"type":"Polygon","coordinates":[[[2.618028,43.249287],[2.618028,43.249287]]]}";"21/05/2024";"21/05/2024"
"784";"Secteur Aude amont (hors axe réalimenté)";"76_11_0001";"AEP";"Vigilance";"{"type":"Polygon","coordinates":[[[2.116738,42.84123],[2.116738,42.84123]]]}";"21/05/2024";"21/05/2024"
"787";"Secteur Aude aval, Berre et Rieu";"76_11_0005";"AEP";"Crise";"{"type":"Polygon","coordinates":[[[2.727105,42.95087],[2.727105,42.95087]]]}";"21/05/2024";"21/05/2024"
"789";"Bassin versant de l'Agly";"76_11_0002";"AEP";"Crise";"{"type":"Polygon","coordinates":[[[2.261009,42.789102],[2.261009,42.789102]]]}";"21/05/2024";"21/05/2024"
"791";"Secteur Aude amont (hors axe réalimenté)";"76_11_0001";"AEP";"Vigilance";"{"type":"Polygon","coordinates":[[[2.242292,42.932635],[2.242292,42.932635]]]}";"21/05/2024";"21/05/2024"
"793";"Secteur Orbieu et affluents rive droite de l?Aude sur ce secteur";"76_11_0007";"AEP";"Alerte renforcée";"{"type":"Polygon","coordinates":[[[2.542207,43.063767],[2.542207,43.063767]]]}";"21/05/2024";"21/05/2024"
"795";"Secteur Orbieu et affluents rive droite de l?Aude sur ce secteur";"76_11_0007";"AEP";"Alerte renforcée";"{"type":"Polygon","coordinates":[[[2.638204,43.088861],[2.638204,43.088861]]]}";"21/05/2024";"21/05/2024"
"797";"Secteur Argent-Double et affluents rive gauche de l?Aude sur ce secteur";"76_11_0006";"AEP";"Vigilance";"{"type":"Polygon","coordinates":[[[2.559712,43.272085],[2.559712,43.272085]]]}";"21/05/2024";"21/05/2024"
"800";"Secteur Aude amont (hors axe réalimenté)";"76_11_0001";"AEP";"Vigilance";"{"type":"Polygon","coordinates":[[[2.013427,42.882095],[2.013427,42.882095]]]}";"21/05/2024";"21/05/2024"
"803";"Secteur Aude amont (hors axe réalimenté)";"76_11_0001";"AEP";"Vigilance";"{"type":"Polygon","coordinates":[[[2.203161,42.771327],[2.203161,42.771327]]]}";"21/05/2024";"21/05/2024"
"804";"Secteur Aude amont (hors axe réalimenté)";"76_11_0001";"AEP";"Vigilance";"{"type":"Polygon","coordinates":[[[2.203967,42.906939],[2.203967,42.906939]]]}";"21/05/2024";"21/05/2024"
"805";"Secteur Aude aval, Berre et Rieu";"76_11_0005";"AEP";"Crise";"{"type":"Polygon","coordinates":[[[2.889163,43.079225],[2.889163,43.079225]]]}";"21/05/2024";"21/05/2024"
"807";"Secteur Aude amont (hors axe réalimenté)";"76_11_0001";"AEP";"Vigilance";"{"type":"Polygon","coordinates":[[[2.243948,42.842164],[2.243948,42.842164]]]}";"21/05/2024";"21/05/2024"
"811";"Secteur Orbieu et affluents rive droite de l?Aude sur ce secteur";"76_11_0007";"AEP";"Alerte renforcée";"{"type":"Polygon","coordinates":[[[2.695873,43.05924],[2.695873,43.05924]]]}";"21/05/2024";"21/05/2024"
"813";"Bassin versant du Fresquel";"76_11_0013";"AEP";"Vigilance";"{"type":"Polygon","coordinates":[[[2.128032,43.271505],[2.128032,43.271505]]]}";"21/05/2024";"21/05/2024"
"815";"Secteur Aude aval, Berre et Rieu";"76_11_0005";"AEP";"Crise";"{"type":"Polygon","coordinates":[[[2.964143,43.249818],[2.964143,43.249818]]]}";"21/05/2024";"21/05/2024"
"816";"Bassin versant du Fresquel";"76_11_0013";"AEP";"Vigilance";"{"type":"Polygon","coordinates":[[[2.010759,43.27955],[2.010759,43.27955]]]}";"21/05/2024";"21/05/2024"
"817";"Secteur Orbiel et affluents rive gauche de l?Aude sur ce secteur";"76_11_0009";"AEP";"Vigilance";"{"type":"MultiPolygon","coordinates":[[[[2.430051,43.343297],[2.430051,43.343297]]],[[[2.389417,43.302484],[2.389417,43.302484]]]]}";"21/05/2024";"21/05/2024"
"819";"Secteur Cesse et affluents rive gauche de l?Aude sur ce secteur";"76_11_0010";"AEP";"Vigilance";"{"type":"Polygon","coordinates":[[[2.834393,43.260206],[2.834393,43.260206]]]}";"21/05/2024";"21/05/2024"
"821";"Secteur Aude aval, Berre et Rieu";"76_11_0005";"AEP";"Crise";"{"type":"Polygon","coordinates":[[[3.141323,43.259478],[3.141323,43.259478]]]}";"21/05/2024";"21/05/2024"
"823";"Bassin versant de l'Agly";"76_11_0002";"AEP";"Crise";"{"type":"Polygon","coordinates":[[[2.283258,42.749305],[2.283258,42.749305]]]}";"21/05/2024";"21/05/2024"
"826";"Bassin versant du Fresquel";"76_11_0013";"AEP";"Vigilance";"{"type":"Polygon","coordinates":[[[1.89195,43.363616],[1.89195,43.363616]]]}";"21/05/2024";"21/05/2024"
"827";"Secteur Aude amont (hors axe réalimenté)";"76_11_0001";"AEP";"Vigilance";"{"type":"Polygon","coordinates":[[[2.313259,42.900614],[2.313259,42.900614]]]}";"21/05/2024";"21/05/2024"
"830";"Secteur Orbieu et affluents rive droite de l?Aude sur ce secteur";"76_11_0007";"AEP";"Alerte renforcée";"{"type":"Polygon","coordinates":[[[2.740973,43.264682],[2.740973,43.264682]]]}";"21/05/2024";"21/05/2024"
"832";"Secteur Orbieu et affluents rive droite de l?Aude sur ce secteur";"76_11_0007";"AEP";"Alerte renforcée";"{"type":"Polygon","coordinates":[[[2.785167,43.12431],[2.785167,43.12431]]]}";"21/05/2024";"21/05/2024"
"833";"Bassin versant du Fresquel";"76_11_0013";"AEP";"Vigilance";"{"type":"Polygon","coordinates":[[[2.264995,43.305338],[2.264995,43.305338]]]}";"21/05/2024";"21/05/2024"
"834";"Bassin versant de l'Agly";"76_11_0002";"AEP";"Crise";"{"type":"Polygon","coordinates":[[[2.727105,42.95087],[2.727105,42.95087]]]}";"21/05/2024";"21/05/2024"
"836";"Secteur Aude amont (hors axe réalimenté)";"76_11_0001";"AEP";"Vigilance";"{"type":"Polygon","coordinates":[[[2.285538,42.976946],[2.285538,42.976946]]]}";"21/05/2024";"21/05/2024"
"838";"Secteur Orbiel et affluents rive gauche de l?Aude sur ce secteur";"76_11_0009";"AEP";"Vigilance";"{"type":"Polygon","coordinates":[[[2.333885,43.311593],[2.333885,43.311593]]]}";"21/05/2024";"21/05/2024"
"";;;;;"21/05/2024";;
